ID,question,desired_answer,student_answer,grade,comment
303,What is a binary tree?,A tree for which the maximum number of children per node is two.,"A set of zero or more nodes, partitioned into a root node and two possibly empty sets that are binary trees. Thus, each node in a binary tree has at most two children, the left child and the right child.",2.0,
40,What are the two main functions defined by a queue?,enqueue and dequeue,"Enqueue and dequeue, which add and remove elements from the queue",1.0,
394,What are the main advantages associated with object-oriented programming?,Abstraction and reusability.,Encapsulation - Objects use operations without knowing how the operation works. Inheritance - cuts redundancy by reusing earlier classes. Polymorphism - objects select the correct operation to use in the situation.,3.0,
412,What is a binary search tree?,A binary tree that has the property that for any node the left child is smaller than the parent which in turn is smaller than the right child.,it is similar to a binary tree.  The keys in a nonempty left subtree (right subtree) are smaller (larger) than the key in the root of subtree.  the values in all nodes in the left subtree of a node are less than             the node value  the values in all nodes in the right subtree of a node are greater    than the node values,2.0,
156,What does the sizeof operator return?,The size in bytes of its operand.,The sizeof operator returns the size of the operand.,2.0,
256,What is the difference between a function prototype and a function definition?,"A function prototype includes the function signature, i.e., the name of the function, the return type, and the parameters' type. The function definition includes the actual body of the function.","The FUNCTION PROTOTYPE is where the programmer declares that he/she is using a function other than main( ). This is like declaring a variable, the programmer knows that he/she will be using in the future, but has yet to say where they are going to use it, or how. This is answers the question who, it gives the function a name and character. The function prototype, by common practice is placed at the beginning of the program after the #includes and before main( ). The FUNCTION DEFINITION is the guts of the function. This is where the programmer decides what the function is going to do and tells it how to do it. It takes whatever information it is given and performs the operations. It works sort of like the brain, the brain takes in input and based upon that input performs in some way producing an output. The function defintion is placed outside of main( ) and any other functions. A function is its own entity and should be thought of as such.",4.0,
245,How many constructors can be created for a class?,Unlimited number.,as many as the user decides to use.,0.0,
102,What is the difference between a data member and a local variable inside a member function?,Data members can be accessed from any member functions inside the class defintion. Local variables can only be accessed inside the member function that defines them.,A local variable can only be accessed within the scope of its declaration.,2.3333333333333335,
402,What is the advantage of linked lists over arrays?,"Linked lists are dynamic structures, which allow for a variable number of elements to be stored.","They grow dynamically, unlike the fixed size array",1.0,
31,What is the difference between a function prototype and a function definition?,"A function prototype includes the function signature, i.e., the name of the function, the return type, and the parameters' type. The function definition includes the actual body of the function.","A function definition is the code that defines the function placed in the {} brackets that determines that function's operation.  A function prototype shows the function's public interface without exposing implementation.  It shows name, return type and type of paramaters.",3.0,
73,What is the main disadvantage of a doubly-linked list over a basic linked list?,Extra space required to store the back pointers.,"Each node requires an extra pointer (space requirements increased), Insertion or deletion of a node takes a longer (more pointer operations).",2.0,
205,Briefly describe the divide-and-conquer paradigm.,"Divide a problem into smaller subproblems, solve them recursively, and then combine the solutions into a solution for the original problem.","The divide-and-conquer paradigm divides the problem into two pieces and works on each piece separately, allowing for a faster approach to 2 separate smaller problems. ",2.3333333333333335,
141,What is the stack operation corresponding to the enqueue operation in queues?,push,push,0.0,
354,What is the main advantage associated with function arguments that are passed by reference?,It avoids making copies of large data structures when calling functions.,It elimitates the need to copy large amonts of data,1.0,
318,What is the difference between a constructor and a function?,"A constructor is called whenever an object is created, whereas a function needs to be called explicitely. Constructors do not have return type, but functions have to indicate a return type.",A constructor initialized values at the execution of its instantiation. It provides default values.,2.0,
56,How do you delete a node from a binary search tree?,"Find the node, then replace it with the leftmost node from its right subtree (or the rightmost node from its left subtree).",you replace the node with the largest element of its left subtree or replace it with the smallest element of the right subtree.,2.0,
169,How do you delete a node from a binary search tree?,"Find the node, then replace it with the leftmost node from its right subtree (or the rightmost node from its left subtree).",you cannot delete a node because that can cause a node to have more than 2 children,1.0,
230,What is the main difference between strings declared using the type string versus strings declared using an array of characters?,The strings declared using an array of characters have a null element added at the end of the array.,array of characters can only hold as many characters as the array size and strings are not that limited.,1.0,
292,What is the main advantage associated with function arguments that are passed by reference?,It avoids making copies of large data structures when calling functions.,"It is often more efficient to pass references, rather than large objects, to functions. This allows the compiler to pass the address of the object while maintaining the syntax that would have been used to access the object.",3.0,
83,What is a stack?,"A data structure that can store elements, which has the property that the last item added will be the first to be removed (or last-in-first-out)",An ADT that stores a set of elements in a particular order. The stack principles are LIFO. The last item inserted in the list is the first out.,2.0,
78,What is a pointer?,The address of a location in memory.,A data type that points to a specific memory address.,1.3333333333333333,
133,How does the compiler handle inline functions?,It makes a copy of the function code in every place where a function call is made.,"Placing the qualifier inline before a function's return type in the function definition ""advises"" the compiler to generate a copy of the function's code in place to avoid a function call.",2.0,
325,When does C++ create a default constructor?,"If no constructor is provided, the compiler provides one by default. If a constructor is defined for a class, the compiler does not create a default constructor.",when a class does not explicitly include a constructor,2.0,
118,What is the advantage of linked lists over arrays?,"Linked lists are dynamic structures, which allow for a variable number of elements to be stored.","you can add as many nodes as you like without having to specify a list size, if an array gets too big you have to copy its entire contents to another larger array to get more room",2.0,
317,What is the Euler tour traversal of a tree?,"A walk around the tree, starting with the root, where each node is seen three times: from the left, from below, from the right.",The Euler tour traverses through the tree in a rubber-band style shape.,1.3333333333333333,
221,What is the main advantage of linked lists over arrays?,The linked lists can be of variable length.,Does not have a fixed size. Linked list is able to grow as needed. The time to access an array bases list takes a contant amount of time where as an linked-base like depends on 'i',2.0,
80,What are the two different ways of specifying the length of an array?,"In the array declaration, or by using an initializer list.","define it as array[5] or array[1,2,3,4,5]",2.0,
446,What is the difference between a circular linked list and a basic linked list?,The last element in a circular linked list points to the head of the list.,"In a circular linked list, the last node points to the first node.",2.0,
10,What is the scope of global variables?,File scope.,The scope of global variables is at the file level.,2.0,
275,What is the scope of global variables?,File scope.,can be referenced by any function that follows their declarations or definitions in the source file,1.0,
383,What is the main disadvantage of a doubly-linked list over a basic linked list?,Extra space required to store the back pointers.,"Need more memory to store ""previous"" pointers.",1.0,
248,What are the main operations associated with a stack?,push and pop,"Push, Pop, isEmpty, isFull  Maybe List to show all elements or an operation to count how many elements in the stack.",2.0,
421,What does the sizeof operator return?,The size in bytes of its operand.,It returns the size of an array in bytes.,1.0,
114,What does a function signature include?,The name of the function and the types of the parameters.,the function's name and parameters,1.6666666666666667,
450,How do you delete a node from a binary search tree?,"Find the node, then replace it with the leftmost node from its right subtree (or the rightmost node from its left subtree).","if it has no children, you just delete it. if it only has one child, just replace the node with whichever child it has. if it has both children, replace it with one of its children, and send the other child down along the other side of the new node.",2.0,
77,What is typically included in a class definition?,Data members (attributes) and member functions.,Information telling the compiler what data members and member functions belong to the class.,2.3333333333333335,
281,What operations would you need to perform to find a given element on a stack?,"Pop all the elements and store them on another stack until the element is found, then push back all the elements on the original stack.","Pop each item off the top until you find what you are looking for. If the stack ends up empty and you never found the item, then it does not exist in the stack. It may also be necessary to save the popped values in case you want to recreate the stack.",2.0,
321,What is a linked list?,A collection of elements that can be allocated dynamically.,"A series of ""Nodes"" structures with a value and a pointer that point to a similar ""Node"". Not quite an array, but still can carry a list of values. ",2.0,
125,How are infix expressions evaluated by computers?,"First, they are converted into postfix form, followed by an evaluation of the postfix expression.",convert infix expressions to postfix expression and evaluate the postfix expression,3.0,
79,What is the role of a header-file?,"To store a class interface, including data members and member function prototypes.",Header files have reusable source code in a file that a programer can use.,2.0,
288,What is the main advantage of a doubly-linked list over a basic linked list?,"All the deletion and insertion operations can be performed in constant time, including those operations performed before a given location in the list or at the end of the list.",Gives faster times for some operations such as insertion and deletion,1.3333333333333333,
91,What is the difference between an array that is declared as static and one that is not?,The static arrays are intialized only once when the function is called.,an array that is declared as static can only be used in the function that its being called in. Its a constant array. Static is another way of say const.,1.3333333333333333,
425,How can you implement a stack with a list?,"Keep the top of the stack pointing to the head of the linked list, so the push and pop operations will add or remove elements at the beginning of the list.",use a linked list and keep track of a pointer that points to the first item,2.0,
74,What does a function signature include?,The name of the function and the types of the parameters.,"function name, and input paramaters",2.0,
154,Briefly describe in one sentence how does merge sort work?,"It splits the original array into two, sorts each of the two halves, and then merges the sorted arrays.",Merge sort continuously breaks an array in half then sorts the arrays as it concatenates them back together into one sorted array.,2.0,
76,What is the main advantage of a doubly-linked list over a basic linked list?,"All the deletion and insertion operations can be performed in constant time, including those operations performed before a given location in the list or at the end of the list.","Doubly-linked lists can traverse backwards, though they still cannot access data at any point in the list, it can be shorter to traverse backwards.",2.0,
71,What is a stack?,"A data structure that can store elements, which has the property that the last item added will be the first to be removed (or last-in-first-out)","an object list that stores elements in a particular order, the first object inserted is at the bottom with the last object at the top so the first object in is the last object out.",2.0,
239,What is the difference between a circular linked list and a basic linked list?,The last element in a circular linked list points to the head of the list.,"The difference between a circular linked list and a basic linked list is that a circular linked list, the last node references the first node. Every node in a circular linked list has a successor and no node in a circular linked list contains NULL.",4.0,
413,"In one sentence, what is the main idea implemented by insertion sort?","Taking one array element at a time, from left to right, it inserts it in the right position among the already sorted elements on its left.",Looking at the 2nd element move forward and place the element in the correct spot.,2.0,
297,"What is the difference between an array declared as static, and one that is not?","The arrays declared as static live throughout the life of the program; that is, they are initialized only once, when the function that declares the array it is first called.","A static array has a set size that cannot change. The data may not need all of the space assigned, or could go beyond the size.",2.0,
342,What is a function pointer?,The address of the location in memory where the function code resides.,"They are pointers that contain the addresses to functions, they can be passed and returned from functions, as well as stored in arrays and assigned to other function pointers.",2.3333333333333335,
34,What is a binary search tree?,A binary tree that has the property that for any node the left child is smaller than the parent which in turn is smaller than the right child.,A binary tree with the data organized in a specific arangment,1.0,
247,How many steps does it take to search a node in a binary search tree?,The height of the tree.,"it takes at most h steps, where h is the height of the tree.",2.0,
401,How many steps does it take to search a node in a binary search tree?,The height of the tree.,It is the same as the height of the tree.,0.0,
166,What are the two different ways of specifying the length of an array?,"In the array declaration, or by using an initializer list.","Implicit, namely when you give it values, like {1,2,3,4,5,6,7,8,9}, at which the compiler will automatically give this a size. Static, during the declaration. ",1.0,
276,What is the inorder traversal of a binary tree?,"Traverse the left subtree, then the root, then the right subtree.",Its used to visit nodes of a binary search tree in a search key order.,2.0,
12,What is a queue?,"A data structure that can store elements, which has the property that the last item added will be the last to be removed (or first-in-first-out).",A data structure that removes nodes from the head and adds nodes at the tail.,2.0,
400,What is the difference between a data member and a local variable inside a member function?,Data members can be accessed from any member functions inside the class defintion. Local variables can only be accessed inside the member function that defines them.,"A data member is accessible anywhere in the class, while i local variable in a member function is only accessible in that particular function, and is freed after the function exits.",3.0,
16,What is the main advantage of linked lists over arrays?,The linked lists can be of variable length.,The size of array is restricted to declaration. Insertion/Deletion of values in middle of array is not possible.,2.0,
443,What is the scope of global variables?,File scope.,"variables accessible anywhere in the program, as long as they are public.",1.0,
197,What is a queue?,"A data structure that can store elements, which has the property that the last item added will be the last to be removed (or first-in-first-out).","A queue is similar to an array, except that the data can only be accessed sequentially rather than at random. Unlike a stack, a queue follows FIFO. First in, First out.",3.0,
1,What is a queue?,"A data structure that can store elements, which has the property that the last item added will be the last to be removed (or first-in-first-out).",a queue is a list of things that follows the first in first out behavior,2.0,
20,When does C++ create a default constructor?,"If no constructor is provided, the compiler provides one by default. If a constructor is defined for a class, the compiler does not create a default constructor.",When there are no arguments passed.,0.0,
330,What are the two different ways of specifying the length of an array?,"In the array declaration, or by using an initializer list.",either initializing the array with a specific length or initializing an array while declaring its contents.,3.0,
302,What is the difference between a data member and a local variable inside a member function?,Data members can be accessed from any member functions inside the class defintion. Local variables can only be accessed inside the member function that defines them.,A data member exists permanently in that program's memory as long as it's run.  A local variable inside a member function is temporal and only used to operate in the function and exists as long as the function is run.,3.0,
57,"In one sentence, what is the main idea implemented by selection sort?","Taking one array element at a time, from left to right, it identifies the minimum from the remaining elements and swaps it with the current element.",the selection sort chooses the largest or smallest value in an unsorted list and creates a new list using the selection depending on how it is sorted.,2.0,
430,"When defining a recursive function, what are possible causes for infinite recursion?","If the recursion step is defined incorrectly, or if the base case is not included.","Either omitting the base case, or writing the recursion step incorrectly so that it does not converge on the base case",2.0,
263,What is the main difference between a string of characters that is read into a variable of type string versus a variable of type char[]?,The char[] will automatically add a null \0 character at the end of the string.,"An array of strings reads the string literals, meaning anything within ""quotes"". A char array reads a string as each individual character.",2.0,
355,What is the main difference between strings declared using the type string versus strings declared using an array of characters?,The strings declared using an array of characters have a null element added at the end of the array.,string declared used in an array of characters contains each character in the array and a special string-termination character called the null character versus the type string.,2.0,
209,What are the different ways to pass a pointer to a function?,"There are four ways: nonconstant pointer to constant data, nonconstant pointer to nonconstant data, constant pointer to constant data, constant pointer to nonconstant data.",Pass by reference with reference arguments. function(int &)  Pass by reference with pointer arguments. function(int *),2.0,
432,What are the different ways to pass a pointer to a function?,"There are four ways: nonconstant pointer to constant data, nonconstant pointer to nonconstant data, constant pointer to constant data, constant pointer to nonconstant data.",There are four way to pass pointer to a function 1. non constant pointer to non constant data 2.non constant pointer to  constant data. 3. constant pointer to non constant data. 4. constant pointer to  constant data.,2.0,
387,What are the main advantages associated with object-oriented programming?,Abstraction and reusability.,"Existing classes can be reused, and program maintenance and verification are easier.",1.0,
26,Briefly describe the divide-and-conquer paradigm.,"Divide a problem into smaller subproblems, solve them recursively, and then combine the solutions into a solution for the original problem.",the divide and conquer paradigm is a recursive solution that keeps dividing the problem into halves until a base case is reached.,2.3333333333333335,
194,What are the similarities between iteration and recursion?,They both involve repetition; they both have termination tests; they can both occur infinitely.,"they are both based on a control statement, both involve repetition, both involve a termination case, both graduatlly approach that termination case, and both can occur infinitely",2.0,
238,What is the main difference between a while and a do...while statement?,The block inside a do...while statement will execute at least once.,"The termination condition of a do...while statement is usually at the end of the loop so it will run at least once. As for the while statement, if the condition is false to begin with, then the loop will never run.",3.0,
424,What is the main advantage associated with function arguments that are passed by reference?,It avoids making copies of large data structures when calling functions.,Passing by reference can eliminate the pass-by-value overhead of copying large amounts of data.,3.0,
43,What is the alternative way to solve a problem that could be solved through recursive functions?,Through iteration.,you can also solve the problem iteratively,1.0,
267,What is the role of a prototype program in problem solving?,To simulate the behaviour of portions of the desired software product.,it simulates the behavior of portions of the desired software product,1.0,
447,What is a linked list?,A collection of elements that can be allocated dynamically.,A link list is a data structure which is built from structures and pointers. It forms a chain of nodes with pointers representing the links of the chain and holding the entire thing together,3.0,
117,"What is the number of operations for insertion sort under a best-case scenario, and what is the best-case scenario?",N (the length of the array) operations achieved for a sorted array.,N number of times.  Where N equals the number of elements in the list.  Best-case scenario is that the elements in the list are already sorted.,2.0,
186,What is the difference between a constructor and a function?,"A constructor is called whenever an object is created, whereas a function needs to be called explicitely. Constructors do not have return type, but functions have to indicate a return type.",constructor creates the class object into memory where functions perform actions against that object,2.0,
291,What is the difference between a constructor and a function?,"A constructor is called whenever an object is created, whereas a function needs to be called explicitely. Constructors do not have return type, but functions have to indicate a return type.",A constructor does not return any date and has no return type.  Functions can return date or not return data can have a return type.,1.6666666666666667,
295,How are objects initialized when they are created?,By using constructors.,When the class is called by the Constructor,1.3333333333333333,
23,How are linked lists passed as arguments to a function?,By reference.,"The linked list object contains the head, through which the other elements are accessible.",2.0,
47,How are arrays passed to functions?,by reference.,Arrays are passed by reference.,2.0,
441,What is the difference between a constructor and a function?,"A constructor is called whenever an object is created, whereas a function needs to be called explicitely. Constructors do not have return type, but functions have to indicate a return type.",constructors cannot return values,1.0,
451,What is the main difference between a while and a do...while statement?,The block inside a do...while statement will execute at least once.,do...while statements evaluate whether or not to loop after running the block contained within it at least once. So the main differance is that while statements have a possibility of never being used. Do ... while statements on the other hand are always run at least once before evaluating whether to run again.,3.0,
138,Briefly describe in one sentence how does merge sort work?,"It splits the original array into two, sorts each of the two halves, and then merges the sorted arrays.",Mergesort divides the array into smaller halves and then combines the sorted subarrays into one sorted array.,2.0,
94,What is a queue?,A data structure that stores elements following the first in first out principle. The main operations in a queue are enqueue and dequeue.,A queue is a data structure where the first node in is the first node out.,2.0,
58,What is a stack?,"A data structure that can store elements, which has the property that the last item added will be the first to be removed (or last-in-first-out)","a data type that stores a set of elements in a certain order, last in, first out.",2.0,
155,What are the similarities between iteration and recursion?,They both involve repetition; they both have termination tests; they can both occur infinitely.,"Many problems can be solved by both iteration and recursion, and either may go into a condition of infinite execution if a termination test is omitted.",2.6666666666666665,
25,"In one sentence, what is the main idea implemented by insertion sort?","Taking one array element at a time, from left to right, it inserts it in the right position among the already sorted elements on its left.",have a marker and sort everything to the left of the value for every new value when moving to the right.,1.0,
18,Where do C++ programs begin to execute?,At the main function.,In the main() function.,0.0,
67,What is the stack operation corresponding to the enqueue operation in queues?,push,enqueue corresponds with push dequeue corresponds with pop,1.0,
305,What is the main disadvantage of a doubly-linked list over a basic linked list?,Extra space required to store the back pointers.,"There are more pointers to set, the mechanics of inserting into and deleting from a doubly linked list are a bit more involved than for a singly linked list.",2.0,
254,Where do C++ programs begin to execute?,At the main function.,C++ programs begin execution at the main function.,1.0,
