essay_id,score,full_text,assignment,prompt_name,economically_disadvantaged,student_disability_status,ell_status,race_ethnicity,gender,source_text_1,source_text_2,source_text_3,source_text_4
AAAVUP14319000106751,3,"There are so many things that humans have not explored despite how close we are to them. Venus is the the closest planet to Earth but we stiill haven´t explored it in over three decades. Even though these missions to Venus are dangerous, we still need to explore what we can. In ¨The Challenge of Exploring Venus,¨ the author states that studying Venus is a worthly persuit despite the dangers it presents. The author supports this idea by describing how Venus might have once been the most Earth-like planet in our solar system.

The author supports that Venus is worth exploring despite the dangers because it might have been the most Earth-like planet in our solar system. In paragraph 4, the author describes how important it is that we explore Venus, and how similar Earth is to this planet. ¨Long ago, Venus was probably covered largely with oceans and could have supported various forms of life, just like Earth"" (4). This quote explains how similar Earth was to Venus and also describes the need for discovery. Venus is worthy to be explored despite the dangers because we need to see why Venus is no longer like Earth and why it doesn´t have forms of life on it anymore. Going to Venus would be a worthy persuit because we are very limited to the planets that we can explore and Venus is one of the only planets to visit right now with our current technology. This evidence proves the author suggesting how important it is to go on an exploration to Venus because it used to be similar to Earth, but it has vastly changed and we need to see how and why.

In conclusion, the author supports the idea thoroughly that studying Venus is a worthy pursuit despite the dangers it presents by describing how Venus might have once been the most Earth-like planet in our solar system. The fact that Venus and Earth used to be so similar is important because scientists need to discover why Venus is so different and how this happened. Going through with this exploration would be extremely benificial and would open up new ideas on how we can save our planet today. ","In ""The Challenge of Exploring Venus,"" the author suggests studying Venus is a worthy pursuit despite the dangers it presents. Using details from the article, write an essay evaluating how well the author supports this idea. Be sure to include: a claim that evaluates how well the author supports the idea that studying Venus is a worthy pursuit despite the dangers; an explanation of the evidence from the article that supports your claim; an introduction, a body, and a conclusion to your essay.",Exploring Venus,Not economically disadvantaged,Not identified as having disability,No,White,F,"The Challenge of Exploring Venus
Venus, sometimes called the “Evening Star,” is one of the brightest points of light in the night sky, making it simple for even and amateur stargazer to spot. However, this nickname is misleading since Venus is actually a planet. While Venus is simple to see from the distant but safe vantage point of Earth, it has proved a very challenging place to examine more closely. 
Often referred to as Earth's “twin,” Venus is the closest planet to Earth in terms of density and size, and occasionally the closest in distance too. Earth, Venus, and Mars, our other planetary neighbor, orbit the sun at different speeds. These differences in speed mean that sometimes we are closer to Mars and other times to Venus. Because Venus is sometimes right around the corner - in space terms - humans have spent numerous spacecraft to land on this cloud-draped world. Each previous mission was unmanned, and for good reason, since no spacecraft survived the landing for more than a few hours. Maybe this issue explains why not a single spaceship has touched down of Venus in more than three decades. Numberous factors contribute to Venus's reputation as a challenging planet for humans to study, despite its proximity to us. 
A thick atmosphere of almost 97 percent carbon dioxide blankets Venus. Even more challenging are the clouds of highly corrosive sulfuric acid in Venus's atmosphere. On the planet's surface, temperatures average over 800 degrees Fahrenheit, and the atmospheric pressure is 90 times greater than what we experience on our own planet. These conditions are far more extreme than anything humans encounter on Earth; such an environment would crush even a submarine accustomed to diving to the deepest parts of our oceans and would liquefy many metals. Also notable, Venus has the hottest surface temperature of any planet in our solar system, even though Mercury is closer to our sun. Beyond high presure and heat, Venusian geology and weather present additional impediments like erupting volcanoes, powerful earthquakes, and frequent lightning strikes to probes seeking to land on its surface. 
If our sister is so inhospitable, why are scientists even discussing further visits to its surface? Astronomers are fascinated by Venus beccause it may well once have been the most Earth-like planet in our solar system. Long ago, Venus was probably covered largely with oceans and could have supported various forms of life, just like Earth. Today, Venus still has some features that are analogous to those on Earth. The planet has a surface of rocky sediment and includes familiar features such as valleys, mountains, and craters. Furthermore, recall that Venus can sometimes be our nearest option for a planetary visit, a crucial consideration given the long time frames of space travel. The value of returning to Venus seems indisputable, but what are the options for making such a mission both safe and scientifically productive?
The National Aeronautics and Space Administration (NASA) has one particularly compelling idea for sending humans to study Venus. NASA's possible solution to the hostile conditions on the surface of Venus would allow scientists to float above the fray. Imagine a blimp-like vehicle hovering 30 or so miles above the roiling Venusian landscape. Just as our jet airplanes travel at a higher altitude to fly over many storms, a vehicle hovering over Venus would avoid the unfriendly ground conditions by staying up and out of their way. At thirty-plus miles above the surface, temperatures would still be toasty at around 170 degrees Farenheit, but the air pressure would be close to that of sea level on Earth. Solar power would be plentiful, and radiation would not exceed Earth levels. Not easy conditions, but survivable for humans.
However, peering at Venus from a ship orbiting or hovering safely far above the planet can provide only limited insight on ground conditions rendering standard forms of photography and videography ineffective. More importantly, researchers cannot take samples of rock, gas, or anything else, from a distance. Therefore, scientists seeking to conduct a thorough mission to understand Venus would need to get up close and personal despite the risks. Or maybe we should think of them as challenges. Many researchers are working on innovattions that would allow our machines to last long enough to contribute meaningfully to our knowledge of Venus. 
NASA is working on other approaches to studying Venus. For example, some simplified electronics made of silicon carbide have been tested in a chamber simuulating the chaos of Venus's surface and have laster for three weeks in such conditions. Another project is looking back to an old technology called mechanical computers. These devices were first envisioned in the 1800s and played an important role int he 1940s during World War II. The thought of computers existing in those days may sound shocking, but these devices make calculations by using gears and levers and do not require electronics at all. Modern commputers are enormously powerful, flexible, and quick, but tend to be more delicate when it comes to extreme physical conditions. Just imagine exposing a cell phone or tablet to acid or heat capable of melting tin. By comparison, systems that use mechanical parts can be made mroe resistant to pressure, heat, and other forces. 
Striving to meet the challenge presented by Venus has value, not only because of the insight to be gained on the planet itself, but also because human curiousity will likely lead us into many equally intimidating endeavors. Our travels on Earth and beyond should not be limited by dangers and doubts but should be expanded to meet the very edges of imagination and innovation.",,,
AAAOPP13416000138908,3,"Imagine a world where automobile accidents are cut drastically, a world where millions of innocent lives are spared, a world with driverless vehicles. This concept is truly something straight from the future and it's a future that is approaching quicker than you might imagine. Advances towards driverless vehicles have been in the works for a little over a decade and we are getting closer to completely independent cars every day. In my opinion this can be a truly great innovation to modern day vehicles as it can take away a lot of the human error commonly involved in car collisions. The evidence speaks for itself, and it speaks loud.

To begin with, clearly human error is a very common issue with human operated vehicles. This can range from driving under the influence, lack of sleep, speeding, and just overall unnecessary reckless driving. This can all be prevented with the aid of AI that driverless cars possess. The data is telling also with statements such as, ""driven more than half a million miles without a crash"". How many crashes do you think human operators would have made in half a million miles?

To further strengthen my point, these driverless vehicles are a very good change environmentally. These vehicles could lead to a public transportation system that could completely overthrow what we view now as ""public transport"". They would, ""use half the fuel of today's taxis and offer far more flexibility than a bus"". This system is truly innovative in concept.

With these supporting factors, I forsee only great things to come from this technology in the future. But of course, with all great things must come some sacrifices and drawbacks. These things include liability in the rare case that an accident may stem from these driverless vehicles. I think a workaround for this may be a traffic law change, while this may be complex, I believe this is a sacrifice that is worth the potential of this innovation.         ","In the article “Driverless Cars are Coming,” the author presents both positive and negative aspects of driverless cars. Using details from the article, create an argument for or against the development of these cars.  Be sure to include: your position on driverless cars; appropriate details from the article that support your position; an introduction, a body, and a conclusion to your argumentative essay.",Driverless cars,Not economically disadvantaged,Not identified as having disability,No,Hispanic/Latino,M,"Driverless Cars Are Coming 
Can you imagine a time in the future when no one buys cars because no one needs them anymore? Google cofounder Sergey Brin can. He envisions a future with a public transportation system where fleets of driverless cars form a public-transport taxi system. The cars he foresees would use half the fuel of today’s taxis and offer far more flexibility than a bus. He believes such cars would fundamentally change the world. 
Television and movies have long been fascinated with cars that could drive themselves. In reality, Google has had cars that could drive independently under specific conditions since 2009. Their cars have driven more than half a million miles without a crash, but so far, Google cars aren't truly driverless; they still alert the driver to take over when pulling in and out of driveways or dealing with complicated traffic issues, such as navigating through roadwork or accidents. So what roadblocks lie ahead for the autonomous car? 
Sensing the World 
Let's begin by looking at which companies are making computer-driven cars. Originally, many futurists believed the key to developing self-driving cars someday wasn't so much smarter cars as smarter roads. For example, in the late 1950s, General Motors created a concept car that could run on a special test track. The track was embedded with an electrical cable that sent radio signals to a receiver on the front end of the car. Engineers at Berkeley tried something similar, but they used magnets with alternating polarity. The car read the positive and negative polarity as messages in binary code. These smart-road systems worked surprisingly well, but they required massive upgrades to existing roads, something that was simply too expensive to be practical. 
Without the option of smarter roads, manufacturers turned to smarter cars—but how much smarter did the cars need to be? For starters, they needed a whole lot of sensors. Google's modified Toyota Prius uses position-estimating sensors on the left rear wheel, a rotating sensor on the roof, a video camera mounted near the rearview mirror, four automotive radar sensors, a GPS receiver, and an inertial motion sensor. The most important bit of technology in this system is the spinning sensor on the roof. Dubbed LIDAR, it uses laser beams to form a constantly updating 3-D model of the car's surroundings. The combination of all this input is necessary for the driverless car to mimic the skill of a human at the wheel. 
Sensors are nothing new, of course. In the 1980s, automakers used speed sensors at the wheels in the creation of antilock brakes. Within 10 years, those sensors had become more advanced to detect and respond to the danger of out-of-control skids or rollovers. The information from the sensors can cause the car to apply brakes on individual wheels and reduce power from the engine, allowing far better response and control than a human driver could manage alone. Further improvements in sensors and computer hardware and software to make driving safer are also leading to cars that can handle more and more driving tasks on their own. 
Driving or Assisting? 
Antilock brakes and driver assistance still seem a long way from the dream of calling a driverless cab to take us wherever we desire, but Sebastian Thrun, founder of the Google Car project, believes that the technology has finally begun to catch up to the dream. “There was no way, before 2000, to make something interesting. The sensors weren't there, the computers weren't there, and the mapping wasn't there. Radar was a device on a hilltop that cost two hundred million dollars. It wasn't something you could buy at Radio Shack.” So just how driverless will the cars be in the near future?
In 2013, BMW announced the development of “Traffic Jam Assistant.” The car can handle driving functions at speeds up to 25 mph, but special touch sensors make sure the driver keeps hold of the wheel. In fact, none of the cars developed so far are completely driverless. They can steer, accelerate, and brake themselves, but all are designed to notify the driver when the road ahead requires human skills, such as navigating through work zones and around accidents. This means the human driver must remain alert and be ready to take over when the situation requires. This necessitates the car being ready to quickly get the driver's attention whenever a problem occurs. GM has developed driver's seats that vibrate when the vehicle is in danger of backing into an object. The Google car simply announces when the driver should be prepared to take over. Other options under consideration are flashing lights on the windshield and other heads-up displays. Manufacturers are also considering using cameras to watch that drivers are remaining focused on the road. While the driver watches the road, the car watches the driver. 
Why would anyone want a driverless car that still needs a driver? Wouldn’t drivers get bored waiting for their turn to drive? “The psychological aspects of automation are really a challenge,” admits Dr. Werner Huber, a BMW project manager driver. “We have to interpret the driving fun in a new way.” Some manufacturers hope to do that by bringing in-car entertainment and information systems that use heads-up displays. Such displays can be turned off instantly when the driver needs to take over—something not available to drivers trying to text with a cell phone. In this way, the in-car system is actually a safety feature, and safety is a big concern. 
Waiting on the Law 
Most driving laws focus on keeping drivers, passengers, and pedestrians safe, and lawmakers know that safety is best achieved with alert drivers. Presently, traffic laws are written with the assumption that the only safe car has a human driver in control at all times. As a result, in most states it is illegal even to test computer-driven cars. California, Nevada, Florida, and the District of Columbia have led the country in allowing limited use of semi-autonomous cars; manufacturers believe that more states will follow as soon as the cars are proved more reliably safe. Still, even if traffic laws change, new laws will be needed in order to cover liability in the case of an accident. If the technology fails and someone is injured, who is at fault—the driver or the manufacturer? 
Automakers are continuing their work on the assumption that the problems ahead will be solved. Tesla has projected a 2016 release for a car capable of driving on autopilot 90 percent of the time. Mercedes-Benz, Audi, and Nissan plan to have cars that can drive themselves by 2020. The road to the truly autonomous car stretches on ahead of us, but we grow closer to the destination every day.",,,
AAAOPP13416000074668,3,"The landform on Mars that looks like a face may seem like a momument created by aliens to some people, but it is actually just a mesa, which was uncovered by NASA's cameras on a cloudy day. An ancient alien civilization seems more than possible to some, but while it is a possibility, the landform on Mars is not an ancient civilization. Evidence of this is found on the image directly before the article, which shows the landform over time. More recent cameras have a better quality of capturing photos than previous ones, which is why NASA photographed the landform at different years. The landform on Mars is just a mesa, because it resembles natural rock formations on Earth and there is photo proof of it.

The face on Mars is just a mesa, because according to the article, ""What the picture actually shows is the Martian equivalent of a buttle or mesa -- landforms common around the American West."" The article later states that the Martian landform resembles Middle Butte in the Snake River of Idaho, which is a lava dome. The Martian landform is clearly a natural mesa, not an ancient civilization created by aliens, since it resembles occurances that are common in Earth's natural structure.

The Martian landform is a natural occuring rock formation, since there is photo proof of it and it looks identical to mesas, buttles, and lava domes on Earth. An ancient alien civilization may seem possible to some, and impossible to others, but the face on Mars is just a rock structure that is natural to the Martian landscape. All in all, the ""alien civilization"" is not an alien civilization after all, and is instead, a Martian mesa.","You have read the article 'Unmasking the Face on Mars.' Imagine you are a scientist at NASA discussing the Face with someone who thinks it was created by aliens. Using information in the article, write an argumentative essay to convince someone that the Face is just a natural landform.Be sure to include: claims to support your argument that the Face is a natural landform; evidence from the article to support your claims; an introduction, a body, and a conclusion to your argumentative essay.",The Face on Mars,Not economically disadvantaged,Not identified as having disability,No,White,F,"Unmasking the Face on Mars
Side by side: a Viking 1 photo from 1975, a Mars Global Surveyor (MGS) image from 1998, and the latest MGS image from 2001.
New high-resolution images and 3D altimetry from NASA’s Mars Global Surveyor spacecraft reveal the Face on Mars for what it really is: a mesa.
On May 24, 2001—Twenty five years ago, something funny happened around Mars. NASA’s Viking 1 spacecraft was circling the planet, snapping photos of possible landing sites for its sister ship Viking 2, when it spotted the shadowy likeness of a human face. An enormous head nearly two miles from end to end seemed to be staring back at the cameras from a region of the Red Planet called Cydonia.
There must have been a degree of surprise among mission controllers back at the Jet Propulsion Laboratory when the face appeared on their monitors. But the sensation was short-lived. Scientists figured it was just another Martian mesa, common enough around Cydonia, only this one had unusual shadows that made it look like an Egyptian Pharaoh. 
A few days later NASA unveiled the image for all to see. The caption noted a “huge rock formation . . . which resembles a human head . . . formed by shadows giving the illusion of eyes, nose, and mouth.” The authors reasoned it would be a good way to engage the public and attract attention to Mars.
It certainly did!
The “Face on Mars” has since become a pop icon. It has starred in a Hollywood film, appeared in books, magazines, radio talk shows – even haunted grocery store checkout lines for 25 years! Some people think the Face is bona fide evidence of life on Mars – evidence that NASA would rather hide, say conspiracy theorists. Meanwhile, defenders of the NASA budget wish there was an ancient civilization on Mars. 
A 1976 Viking 1 photograph of the Face on Mars
Although few scientists believed the Face was an alien artifact, photographing Cydonia became a priority for NASA when Mars Global Surveyor (MGS) arrived at the Red Planet in Sept. 1997, eighteen long years after the Viking missions ended. “We felt this was important to taxpayers,” explained Jim Garvin, chief scientist for NASA’s mars Exploration Program. “We photographed the Face as soon as we could get a good shot at it.”
And so on April 5, 1998, when Mars Global Surveyor flew over Cydonia for the first time, Michael Malin and his Mars Orbiter Camera (MOC) team snapped a picture ten times sharper than the original Viking photos. Thousands of anxious web surfers were waiting when the image first appeared on a JPL web site, revealing . . . a natural landform. There was no alien monument after all. 
But not everyone was satisfied. The Face on Mars is located at 41 degrees north martial latitude where it was winter in April ‘98 – a cloudy time of year on the Red Planet. The camera on board MGS had to peer through wispy clouds to see the Face. Perhaps, said skeptics, alien markings were hidden by haze. 
Mission controllers prepared to look again. “It’s not easy to target Cydonia,” says Garvin. “In fact, it’s hard work.” Mars Global Surveyor is a mapping spacecraft that normally looks straight down and scans the planet like a fax machine in narrow 2.5 km-wide strips. “We don’t pass over the Face very often,” he noted. 
Nevertheless, on April 8, 2001 – a cloudless summer day in Cydonia – Mars Global Surveyor drew close enough for a second look. “We had to roll the spacecraft 25 degrees to center the Face in the field of view,” said Garvin. “Malin’s team captured an extraordinary photo using the camera’s absolute maximum resolution.” Each pixel in the 2001 image spans 1.56 meters, compared to the 43 meters per pixel in the best 1976 Viking photo. 
“As a rule of thumb, you can discern things in a digital image 3 times bigger than the pixel size,” he added. “So, if there were objects in this picture like airplanes on the ground or Egyptian-style pyramids or even small shacks, you could see what they were!”
What the picture actually shows is the Martian equivalent of a butte or mesa – landforms common around the American West. “It reminds me of most of Middle Butte in the Snake River Plain of Idaho,” says Garvin. “That’s a lava dome that takes the form of an isolated mesa about the same height as the Face on Mars.”
Text and photographs courtsey of NASA, “Unmasking the Face on Mars,” May 24, 2001 (retrieved from science.nasa.gov/science-news/science-at-nasa/2001/ast24may_1/)",,,
5178558,3,"Today, there are many arguments between keeping our governments way of electing a new president. Many people have turned their back on the Electoral College saying that it is unfair and are instead for changing to election by popular vote. The Electoral College is seen as a non-democratic method of selecting a president that should be overruled by declaring the candidate who receives the most popular votes is the winner. Therefore it is the electors who elect the president, not us people. Some people even see the Electoral College as unfair. outdated, and irrational and see arguments against direct elections spurious. While some have different opinions saying that the Electoral College, although its lack of democratic pedigree, is very practical.

The Electoral College consists of 538 electors. A majority of 270 electoral votes is required a elect a president. Your state's amount of electors equals the number of members in its Congressional delegation. One for each member in the House of Representatives plus two for your Senators. Each candidate running for president in your state has his or her own group of electors. So, technically when you vote for your candidate you're actually voting for your candidate's electors. Under the Electoral College system, voters vote not for the president, but for a slate of electors. All in all, it is the electors who elect the president, not the people.

Most states do award electoral votes on a winner-take-all basis, some things in a state could create a landslide electoral vote victory in that state. A tie is possible because the total number of votes is an even number, but is highly unlikely. In the winner-take-all method of awarding electoral votes induces the candidates to focus their campaign efforts on the toss-up states that are more likely to pay close attention to the campaign. Statistically, the electoral college restores some of the weight in the political balnce that large states lose by virtue of the mal-apportionmen of the senate decrees in the constitution. So, a large state gets more attention from presidential candidates in a campaign than a small state does.

The argument between keeping the Electoral College or changing to election by popular vote has many different sides to it. Through facts and opinions, there is many reasons our government should keep the Electoral College and some reasons that we should change to election by popular vote. In some ways the Electoral College can be unfair but in others it makes complete sense. The people who vote in presidential elections are people who want to express a political preference not people who think that a single vote could decide an election. Therefore, the Electoral College could be a good thing in our government today keeping things organized and sometimes fair.                    ",Write a letter to your state senator in which you argue in favor of keeping the Electoral College or changing to election by popular vote for the president of the United States. Use the information from the texts in your essay. Manage your time carefully so that you can read the passages; plan your response; write your response; and revise and edit your response. Be sure to include a claim; address counterclaims; use evidence from multiple sources; and avoid overly relying on one source. Your response should be in the form of a multiparagraph essay. Write your response in the space provided.,Does the electoral college work?,,,No,White,F,"What Is the
Electoral College?
by the Office of the Federal Register
The Electoral College is a process, not a place. The founding fathers established it in the
Constitution as a compromise between election of the President by a vote in Congress and
election of the President by a popular vote of qualified citizens.
The Electoral College process consists of the selection of the electors, the meeting of the
electors where they vote for President and Vice President, and the counting of the electoral votes
by Congress.
The Electoral College consists of 538 electors. A majority of 270 electoral votes is required
to elect the President. Your state’s entitled allotment of electors equals the number of members in
its Congressional delegation: one for each member in the House of Representatives plus two for
your Senators. . . .
Under the 23rd Amendment of the Constitution, the District of Columbia is allocated 3
electors and treated like a state for purposes of the Electoral College. For this reason, in the
following discussion, the word “state” also refers to the District of Columbia.
Each candidate running for President in your state has his or her own group of electors. The
electors are generally chosen by the candidate’s political party, but state laws vary on how the
electors are selected and what their responsibilities are. . . .
The presidential election is held every four years on the Tuesday after the first Monday in
November. You help choose your state’s electors when you vote for President because when you
vote for your candidate you are actually voting for your candidate’s electors.
Most states have a “winner-take-all” system that awards all electors to the winning
presidential candidate. However, Maine and Nebraska each have a variation of “proportional representation.” . . .
After the presidential election, your governor prepares a “Certificate of Ascertainment”
listing all of the candidates who ran for President in your state along with the names of their
respective electors. The Certificate of Ascertainment also declares the winning presidential
candidate in your state and shows which electors will represent your state at the meeting of the
electors in December of the election year. Your state’s Certificates of Ascertainments are sent to
the Congress and the National Archives as part of the official records of the presidential election.
Excerpt from “What Is the Electoral College?” by
the Office of the Federal Register, from
www.archives.gov/federal-register/electoralcollege/about.html. In the public domain.","The Indefensible
Electoral College: Why even
the best-laid defenses of
the system are wrong
by Bradford Plumer
What have Richard Nixon, Jimmy Carter, Bob Dole, the U.S. Chamber of Commerce, and the
AFL-CIO all, in their time, agreed on? Answer: Abolishing the electoral college! They’re not alone;
according to a Gallup poll in 2000, taken shortly after Al Gore—thanks to the quirks of the
electoral college—won the popular vote but lost the presidency, over 60 percent of voters would
prefer a direct election to the kind we have now. This year voters can expect another close
election in which the popular vote winner could again lose the presidency. And yet, the electoral
college still has its defenders. What gives? . . .
What’s wrong with the electoral college
Under the electoral college system, voters vote not for the president, but for a slate of
electors, who in turn elect the president. If you lived in Texas, for instance, and wanted to vote
for [John] Kerry, you’d vote for a slate of 34 Democratic electors pledged to Kerry. On the offchance that those electors won the statewide election, they would go to Congress and Kerry
would get 34 electoral votes. Who are the electors? They can be anyone not holding public office.
Who picks the electors in the first place? It depends on the state. Sometimes state conventions,
sometimes the state party’s central committee, sometimes the presidential candidates
themselves. Can voters control whom their electors vote for? Not always. Do voters sometimes
get confused about the electors and vote for the wrong candidate? Sometimes.
The single best argument against the electoral college is what we might call the disaster
factor. The American people should consider themselves lucky that the 2000 fiasco was the
biggest election crisis in a century; the system allows for much worse. Consider that state
legislatures are technically responsible for picking electors, and that those electors could always
defy the will of the people. Back in 1960, segregationists in the Louisiana legislature nearly
succeeded in replacing the Democratic electors with new electors who would oppose John F.
Kennedy. (So that a popular vote for Kennedy would not have actually gone to Kennedy.) In the
same vein, “faithless” electors have occasionally refused to vote for their party’s candidate and
cast a deciding vote for whomever they please. . . . Oh, and what if a state sends two slates of
electors to Congress? It happened in Hawaii in 1960. Luckily, Vice President Richard Nixon, who
was presiding over the Senate, validated only his opponent’s electors, but he made sure to do so
“without establishing a precedent.” What if it happened again?
Perhaps most worrying is the prospect of a tie in the electoral vote. In that case, the
election would be thrown to the House of Representatives, where state delegations vote on the
president. (The Senate would choose the vice-president.) Because each state casts only one vote,
the single representative from Wyoming, representing 500,000 voters, would have as much say
as the 55 representatives from California, who represent 35 million voters. Given that many
voters vote one party for president and another for Congress, the House’s selection can hardly be
expected to reflect the will of the people. And if an electoral tie seems unlikely, consider this: In
1968, a shift of just 41,971 votes would have deadlocked the election; In 1976, a tie would have
occurred if a mere 5,559 voters in Ohio and 3,687 voters in Hawaii had voted the other way. The
election is only a few swing voters away from catastrophe.
At the most basic level, the electoral college is unfair to voters. Because of the winner-takeall system in each state, candidates don't spend time in states they know they have no chance of
winning, focusing only on the tight races in the “swing” states. During the 2000 campaign,
seventeen states didn’t see the candidates at all, including Rhode Island and South Carolina, and
voters in 25 of the largest media markets didn’t get to see a single campaign ad. If anyone has a
good argument for putting the fate of the presidency in the hands of a few swing voters in Ohio,
they have yet to make it. . . .
It’s official: The electoral college is unfair, outdated, and irrational. The best arguments in
favor of it are mostly assertions without much basis in reality. And the arguments against direct
elections are spurious at best. It’s hard to say this, but Bob Dole was right: Abolish the electoral
college!
  lost the presidency: In the 2000 U.S. presidential
race, Al Gore received more individual votes than
George W. Bush nationwide, but Bush won the
election, receiving 271 electoral votes to Gore’s
266.
John Kerry: Kerry ran for President against George
W. Bush (43rd president of the United States),
representing the Democratic Party in 2004.
segregationists: people who favored separation
based on race
Excerpt from “The Indefensible Electoral College:
Why even the best-laid defenses are wrong” from
Mother Jones by Bradford Plumer. Copyright ©
2004 by Mother Jones and the Foundation for
National Progress. All Rights Reserved.","In Defense of the
Electoral College: Five
reasons to keep our
despised method of
choosing the President
by Judge Richard A. Posner
The Electoral College is widely regarded as an anachronism, a non-democratic method of
selecting a president that ought to be [overruled] by declaring the candidate who receives the
most popular votes the winner. The advocates of this position are correct in arguing that the
Electoral College method is not democratic in a modern sense . . . it is the electors who elect the
president, not the people. When you vote for a presidential candidate you’re actually voting for a
slate of electors.
But each party selects a slate of electors trusted to vote for the party’s nominee (and that
trust is rarely betrayed) . . . [; however,] it is entirely possible that the winner of the electoral
vote will not win the national popular vote. Yet that has happened very rarely. It happened in
2000, when Gore had more popular votes than Bush yet fewer electoral votes, but that was the
first time since 1888.
There are five reasons for retaining the Electoral College despite its lack of democratic
pedigree; all are practical reasons, not liberal or conservative reasons.
1) Certainty of Outcome
A dispute over the outcome of an Electoral College vote is possible—it happened in 2000
—but it’s less likely than a dispute over the popular vote. The reason is that the winning
candidate’s share of the Electoral College invariably exceeds his share of the popular vote. In
[2012’s] election, for example, Obama received 61.7 percent of the electoral vote compared to
only 51.3 percent of the popular votes cast for him and Romney. . . . Because almost all states
award electoral votes on a winner-take-all basis, even a very slight plurality in a state creates a
landslide electoral-vote victory in that state. A tie in the nationwide electoral vote is possible
because the total number of votes—538—is an even number, but it is highly unlikely. . . .
2) Everyone’s President
The Electoral College requires a presidential candidate to have trans-regional appeal. No
region (South, Northeast, etc.) has enough electoral votes to elect a president. So a solid regional
favorite, such as Romney was in the South, has no incentive to campaign heavily in those states,
for he gains no electoral votes by increasing his plurality in states that he knows he will win. This
is a desirable result because a candidate with only regional appeal is unlikely to be a successful
president. The residents of the other regions are likely to feel disenfranchised—to feel that their
votes do not count, that the new president will have no regard for their interests, that he really
isn’t their president.
3) Swing States
The winner-take-all method of awarding electoral votes induces the candidates—as we saw
in [2012’s] election—to focus their campaign efforts on the toss-up states . . . . Voters in toss-up
states are more likely to pay close attention to the campaign—to really listen to the competing
candidates—knowing that they are going to decide the election. They are likely to be the most
thoughtful voters, on average (and for the further reason that they will have received the most
information and attention from the candidates), and the most thoughtful voters should be the
ones to decide the election.
4) Big States
The Electoral College restores some of the weight in the political balance that large states
(by population) lose by virtue of the mal-apportionment of the Senate decreed in the
Constitution. . . . The popular vote was very close in Florida [in 2012]; nevertheless Obama, who
won that vote, got 29 electoral votes. A victory by the same margin in Wyoming would net the
winner only 3 electoral votes. So, other things being equal, a large state gets more attention from
presidential candidates in a campaign than a small state does. . . .
5) Avoid Run-Off Elections
The Electoral College avoids the problem of elections in which no candidate receives a
majority of the votes cast. For example, Nixon in 1968 and Clinton in 1992 both had only a 43
percent plurality of the popular votes, while winning a majority in the Electoral College (301 and
370 electoral votes, respectively). There is pressure for run-off elections when no candidate wins
a majority of the votes cast; that pressure, which would greatly complicate the presidential
election process, is reduced by the Electoral College, which invariably produces a clear winner. . . .
It can be argued that the Electoral College method of selecting the president may turn off
potential voters for a candidate who has no hope of carrying their state—Democrats in Texas, for
example, or Republicans in California. Knowing their vote will have no effect, they have less
incentive to pay attention to the campaign than they would have if the president were picked by
popular vote . . . . But of course no voter’s vote swings a national election, and in spite of that,
about one-half the eligible American population did vote in [2012’s] election. Voters in
presidential elections are people who want to express a political preference rather than people
who think that a single vote may decide an election. . . .
anachronism: a person or a thing that seems to
belong to the past and not to fit in the present
pedigree: the origin and history of something,
especially when it is good or impressive
liberal or conservative: political philosophies
commonly seen as opposite each other
Obama: Barack Obama, 44th president of the
United States
Romney: Mitt Romney, the Republican nominee for
President in 2012
plurality: when a candidate receives more votes
than other candidates while not receiving a clear
majority of votes
Excerpt from “In Defense of the Electoral College:
Five reasons to keep our despised method of
choosing the President” from Slate Magazine by
Judge Richard A. Posner. Copyright © 2012.",
AAAOPP13416000028254,4,"Technology has become so advanced that we are able to get places without touching the wheel. Or that is what people envision of when they think of driverless cars. In reality, the driverless car still needs a driver. Driverless cars shouldn't be implemented on the streets until we are certain that they are safe. Switching the a driverless vehicle could also cause you to forget how to drive since the driverless car will do it all for you. Taking a driver's license test and education would prove to be futile as well since you're not going to be driving. Driverless cars aren't actually driverless and car manufacturing companies are falsely calling their cars something they aren't. Driverless cars shouldn't be used in the near time future.

The driverless car seems too good to be true, and it is. Dr. Wener Huber, a BMW project manager driver stated, ""Why would anyone want a driverless car that still needs a driver? Wouldn't drivers get bored waiting for their turn to drive?"" The car still needs a driver and signals them in a way that will get their attention, whether it's flashing lights or a vibrating seat. Getting behind the wheel of a driverless car can put your life in danger because technology isn't always reliable. Until driverless cars are perfected with no flaws and safe, then they will be of use. If the car would get into a collision with another car, whose fault is it? The car wasn't doing what it was supposed to do and the person in the driver's seat couldn't do anything about it. The company who made the vehicle would be to blame because they released a car that wasn't safe to use for public transportation.

At the age of sixteen is when teens usually get their driver's licenses. There would be no point in the younger generation obtaining a license because they won't be driving. Hypothetically speaking, a ten year old could be behind the wheel of a driverless car, granted that the driver doesn't have to touch the wheel, and drive. Cars should be manned by humans that have the power to respond to certain situations that a computer might not be programmed for.

Car manufacturers are falsely branding the idea of a driverless car. They are making it seem like the car does it all and that you can sit back and relax. The truth is the exact opposite of what they say. The driver of a driverless vehicle still needs to remain focused on the road and must be ready to take over the car at any given moment. Our technology today is advanced, but not to the point where a computer can operate a car by itself.

In a couple of years, many improvements can be made to the driverless car. By 2020 car brands such as Mercedes-Benz, Audi, and Nissan are planning to have cars that can drive themselves. Not now, but in the future driverless cars would be beneficial and make a big impact on the world. No more dreading long car rides. It will also be safer because drunk drivers would be driven home without any problems.

Driverless cars aren't ready to be released into the world. They need to be developed so that everyone's concerns are satisfied. It shouldn't be called a driverless car if a driver is still needed. Questions about who can drive it and how old you have to be need to be answered. Driverless cars are still a long way until they are ready to be used in public. Driverless cars shouldn't be used in the near future.","In the article “Driverless Cars are Coming,” the author presents both positive and negative aspects of driverless cars. Using details from the article, create an argument for or against the development of these cars.  Be sure to include: your position on driverless cars; appropriate details from the article that support your position; an introduction, a body, and a conclusion to your argumentative essay.",Driverless cars,Economically disadvantaged,Not identified as having disability,No,Asian/Pacific Islander,M,"Driverless Cars Are Coming 
Can you imagine a time in the future when no one buys cars because no one needs them anymore? Google cofounder Sergey Brin can. He envisions a future with a public transportation system where fleets of driverless cars form a public-transport taxi system. The cars he foresees would use half the fuel of today’s taxis and offer far more flexibility than a bus. He believes such cars would fundamentally change the world. 
Television and movies have long been fascinated with cars that could drive themselves. In reality, Google has had cars that could drive independently under specific conditions since 2009. Their cars have driven more than half a million miles without a crash, but so far, Google cars aren't truly driverless; they still alert the driver to take over when pulling in and out of driveways or dealing with complicated traffic issues, such as navigating through roadwork or accidents. So what roadblocks lie ahead for the autonomous car? 
Sensing the World 
Let's begin by looking at which companies are making computer-driven cars. Originally, many futurists believed the key to developing self-driving cars someday wasn't so much smarter cars as smarter roads. For example, in the late 1950s, General Motors created a concept car that could run on a special test track. The track was embedded with an electrical cable that sent radio signals to a receiver on the front end of the car. Engineers at Berkeley tried something similar, but they used magnets with alternating polarity. The car read the positive and negative polarity as messages in binary code. These smart-road systems worked surprisingly well, but they required massive upgrades to existing roads, something that was simply too expensive to be practical. 
Without the option of smarter roads, manufacturers turned to smarter cars—but how much smarter did the cars need to be? For starters, they needed a whole lot of sensors. Google's modified Toyota Prius uses position-estimating sensors on the left rear wheel, a rotating sensor on the roof, a video camera mounted near the rearview mirror, four automotive radar sensors, a GPS receiver, and an inertial motion sensor. The most important bit of technology in this system is the spinning sensor on the roof. Dubbed LIDAR, it uses laser beams to form a constantly updating 3-D model of the car's surroundings. The combination of all this input is necessary for the driverless car to mimic the skill of a human at the wheel. 
Sensors are nothing new, of course. In the 1980s, automakers used speed sensors at the wheels in the creation of antilock brakes. Within 10 years, those sensors had become more advanced to detect and respond to the danger of out-of-control skids or rollovers. The information from the sensors can cause the car to apply brakes on individual wheels and reduce power from the engine, allowing far better response and control than a human driver could manage alone. Further improvements in sensors and computer hardware and software to make driving safer are also leading to cars that can handle more and more driving tasks on their own. 
Driving or Assisting? 
Antilock brakes and driver assistance still seem a long way from the dream of calling a driverless cab to take us wherever we desire, but Sebastian Thrun, founder of the Google Car project, believes that the technology has finally begun to catch up to the dream. “There was no way, before 2000, to make something interesting. The sensors weren't there, the computers weren't there, and the mapping wasn't there. Radar was a device on a hilltop that cost two hundred million dollars. It wasn't something you could buy at Radio Shack.” So just how driverless will the cars be in the near future?
In 2013, BMW announced the development of “Traffic Jam Assistant.” The car can handle driving functions at speeds up to 25 mph, but special touch sensors make sure the driver keeps hold of the wheel. In fact, none of the cars developed so far are completely driverless. They can steer, accelerate, and brake themselves, but all are designed to notify the driver when the road ahead requires human skills, such as navigating through work zones and around accidents. This means the human driver must remain alert and be ready to take over when the situation requires. This necessitates the car being ready to quickly get the driver's attention whenever a problem occurs. GM has developed driver's seats that vibrate when the vehicle is in danger of backing into an object. The Google car simply announces when the driver should be prepared to take over. Other options under consideration are flashing lights on the windshield and other heads-up displays. Manufacturers are also considering using cameras to watch that drivers are remaining focused on the road. While the driver watches the road, the car watches the driver. 
Why would anyone want a driverless car that still needs a driver? Wouldn’t drivers get bored waiting for their turn to drive? “The psychological aspects of automation are really a challenge,” admits Dr. Werner Huber, a BMW project manager driver. “We have to interpret the driving fun in a new way.” Some manufacturers hope to do that by bringing in-car entertainment and information systems that use heads-up displays. Such displays can be turned off instantly when the driver needs to take over—something not available to drivers trying to text with a cell phone. In this way, the in-car system is actually a safety feature, and safety is a big concern. 
Waiting on the Law 
Most driving laws focus on keeping drivers, passengers, and pedestrians safe, and lawmakers know that safety is best achieved with alert drivers. Presently, traffic laws are written with the assumption that the only safe car has a human driver in control at all times. As a result, in most states it is illegal even to test computer-driven cars. California, Nevada, Florida, and the District of Columbia have led the country in allowing limited use of semi-autonomous cars; manufacturers believe that more states will follow as soon as the cars are proved more reliably safe. Still, even if traffic laws change, new laws will be needed in order to cover liability in the case of an accident. If the technology fails and someone is injured, who is at fault—the driver or the manufacturer? 
Automakers are continuing their work on the assumption that the problems ahead will be solved. Tesla has projected a 2016 release for a car capable of driving on autopilot 90 percent of the time. Mercedes-Benz, Audi, and Nissan plan to have cars that can drive themselves by 2020. The road to the truly autonomous car stretches on ahead of us, but we grow closer to the destination every day.",,,
