ID,Task_Type,Question,Essay,Examiner_Comments,Overall_Score
291,1,The bar charts below shows the number of visits to a community website in the first and second year of use.Summarize the information by selecting and reporting the main features and mae comparisons with relevant.,"The line chart describes data about the two years of how many visitors to the community website let us discuss the differences between the first year and the next year.
We can clearly see the changes between the two years, so in October the people who visit were around 5000 which is nearly the same in the first and second year unlike in September all of them were less than 5000, after that in November, also December we can see the massive change at the next year the was the number of both lines amidst 15000 and 20000, while the first year also the two line where the same but less then the next year, it obvious that the blue line decline at the next three months, also the red line but not in mammouth way.
In April.
As it is persented In April the all the lines are start to increase but the red line is highest then the blue line however, in May the visitors were 20000 unlike the first year they were less then 10000, but in June it grow to more than 10000 and on other hand the red line increase to more than 20000 , also the next month there were no huge changes, moving to the last month both of line decrease to around 15000.
Overall, it is clear that the second year the humans who visited the website where more in all the months ulike the last month the where almost the same and the first year was a little but higher.",,5.0
1113,2,Write about the following topic.The issue of gay marriage remains controversial. Some people think that this trend has adverse effects on the society while others believe that it is seen as a natural trend and right for people to choose this type of marriage. Should gay marriage be legal?Give reasons for your answer and include any relevant examples from your own knowledge or experience.,"It is a critical topic whether the society should accept gay marriage and legalized this kind of marriage. This especially sensative to some people with religious background or society with strong religious background.
Some argue that if the society accepts gay marriage, the traditional value and concept of marriage would be affected. The influences are deep and negative. For example, gay marriage is contradict to the nature and could not has next generation, in the long term, leads the reduction of population and harms the growth of economic. In addition, the society has to consider about legal issue if gay marriage is accept . For example, if an legal gay family could adapt children? Who can prossess the asset and wealth from the gay couple?
However, the trend for supporting gay marriage has increased in recent decades, probably because of the equal-right campaign rapidly spreading in the world. Many people state that marriage is a matter of two adults, as long as these two adults make their decision, there is no any harm to other , and the society. Some even believe same-sex marriage is also a nautre development which is long appearing in human history. Moreover, there is no evidence showing gay marriage would harm the society , rather to promote a multi-cultural, a society should accept different races, nationalties and gay people.
In my opinion, we should open our mind to accept gay marriage but we should also respect some religious person' s willingness. Whether gay marriage should be legal is a technical subject that I am not the right person to comment. However, I strongly hope people could respect others with different sexual preference, communication and understanding people with different values are the key for a harmony society. We have to admit that people have their right to choose their marriage in various ""types"" .",,6.5
853,1,"The diagram gives information about the process of making carbonated drinks.Summarise the information by selecting and report in the main features, and make comparisons where relevant.","The provided illustrations depict a soda manufacturing procedure. Overall, the process consists of four steps from sanitizing the liquid to packing to delivering the products.
Looking into details, first, raw water, which is the main ingredient, passes through a filter via a tube and flows through a room where water softener and chemicals are added. The liquid is then pumped into a device with electric heaters for the evaporation and carbonation process. In order to lower the tempurature, the heated water travels through a cooling pipe to another container to mix with carbon dioxide.
Moving on to the next stage, a pipe connects the carbonated water from the second stage to a mixing tank. Here, colourings, syrup and flavour are added according to the designated look and taste of the final product. After that, the mixture passes through another filter before filling into containers. Lastly, the bottles and cans are then packed into packaging and delivered to stores, ready to be sold to consumers.",,6.0
414,2,"People often think about creating an ideal society, but most of the times fail in making this happen.What is your opinion about an ideal societyHow can we create an ideal society?Give reasons for your answer and include any relevant examples from your own knowledge or experience.","An ideal society where people co-exist in perfect harmony and respect, regardless of race, beliefs, or gender, is a universally desired idea. Although striving for these ideals would benefit the individuals, I strongly believe that an ideal society can never be achieved because it’s unrealistic.
Striving for an ideal society would benefit the individuals because nobody can live better unless they learn to think better. To begin with, virtues such as courage, fairness, and respect are admirable character traits that everyone should try to pursue. If individuals can become better versions of themselves, then the whole community would surely become better. Moreover, different people will have different versions of an ideal society. Hence, encouraging people to actively and critically think about how they can lead better lives will lead to a more open-minded, robust, and tolerant community.
While it’s beneficial for individuals to work on self-improvement, an ideal society can never be created or maintained. Firstly, people are selfish and will pursue their self-interest at the expense of the group. If I can get ahead by taking more resources than my neighbor, then why shouldn’t I take more? Upon seeing me do that, others will envy and start taking more for themselves. Consequently, competition and discord within society are inevitable. Secondly, progress can’t be made unless stronger groups get ahead and wipe out less adaptable ones. Examples include factories replacing farming cultures and technology replacing manual labor.
In conclusion, although striving towards the ideals is beneficial to individuals within communities, the ideal society could never be achieved due to its impracticality. Schools, governments, and communities should nevertheless encourage people to actively think and work on becoming better versions of themselves.",,8.5
1139,1,The graph below shows the number of enquiries received by the Tourist Information Office in one city over a six-month period in 2011.Summarize the information by selecting and reporting the main features and make comparisons where relevant.,"The chart shown presents information about the enquiries numbers that the Tourist Information Office received from January to June in 2011. Those enquaries are basically devided into three categories in person, by letter or email, and by telephone.
According to the graph, the in person enquiries has increased dramatically over the six-months period. It started with 400 eunquiries during Januray and it kept increasing until it reached 1900 numbers of enquireis on June, which is almost five times the initial number.
While the in person enuiries kept increasing, the ones that were recieved by emial or letter were slowly decreasing over the same period. It started with almost 800 enquiries , which is double the number of the in person enquiries. However, it kept decreasing until it reached 400 in May and kept the same number for June.
Finally, there are the enquiries received by phone, which had a general trend of increasing. Nontheless, it had one dip during those six months that took place in February, where the numbers went from 900 to 800. Afterward, the numbers kept increasing to 1000 and was kept the same during March and April. Then it increased again until it reached to 1600 by the end of the six-month period.",,6.0
