ID,prompt,essay,evaluation,band_score
6909,"Some people say that economic growth is the only way to end hunger and poverty, while others say that economic growth is damaging the environment so it must be stopped. Discuss both views and give your opinion.","People are dealing with different views about economic development. While there is belief that it is the solely method to discontinue starvation and impoverishment, others claim that it does harm to the environment. Although it can be stated that the expansion of economy can help national governments eradicate some difficulties, I believe that its effects on the environment are completely unacceptable. 
	To begin with, the development of economics creates more job opportunities and increases the supply of goods. This would provide the inhabitants with plenty job vacancies, which may resolve the unemployment problems within a country. The unemployed would have better careers with higher income, and their salaries are capable of taking care of their family members. In addition, the vast extension in the quantities of products supply might reduce the price of most consumer products. Thus, the impoverished are affordable to purchase more products and their living standards significantly get better. 
	However, the surrounding environment in recent years is becoming devastating due to some undesirable attempt to grow the economy, and it must be strictly prevented. For instance, an enormous amount of raw sewage and industrial waste has been discharged from myriad industrial factories, which may contaminates the sources of clean water and then possibly cause cancer to people nearby. Therefore, governments must enforce strict laws and policies to stop these activities.
	To recapitulate, effectively may economic growth help better people’s life, I reckon that some destructive activities to the environment must be banned stringently.","### Task Achievement:
The essay addresses the given task by discussing both views on the relationship between economic growth and hunger/poverty/environment. The candidate provides relevant arguments and examples to support their views. However, the essay lacks a clear thesis statement and does not adequately cover all aspects of the task.

- Suggested Band Score: 3.5

### Coherence and Cohesion:
The essay is generally well-organized, with clear transitions between sentences and paragraphs. However, some sentences are not logically connected, and the overall structure could be improved.

- Suggested Band Score: 3.5

### Lexical Resource (Vocabulary):
The essay demonstrates a limited range of vocabulary, with some inaccuracies and overuse of certain words.

**Mistakes and rectifications:**

* ""impoverishment"" -> ""poverty""
* ""discontinue"" -> ""end""
* ""inhabitants"" -> ""people""
* ""job vacancies"" -> ""jobs""
* ""quantities of products supply"" -> ""supply of products""
* ""the impoverished are affordable"" -> ""the poor can afford""
* ""strictly prevented"" -> ""strictly regulated""

- Suggested Band Score: 3.0

### Grammatical Range and Accuracy:
The essay exhibits a limited range of sentence structures, with some grammatical errors.

**Mistakes and rectifications:**

* ""it must be strictly prevented"" -> ""it must be strictly regulated""
* ""To recapitulate"" -> ""In conclusion""

- Suggested Band Score: 3.0

### Overall Band Score:
Considering the essay's performance across all criteria, the suggested overall band score is **4**.

### Feedback and Additional Comments:
The essay has some strengths, such as relevant arguments and clear transitions. However, it could be improved by providing a more focused thesis statement, enhancing the vocabulary range, and refining the grammar. The candidate should also work on improving the logical flow of ideas and ensuring that all aspects of the task are adequately addressed.",4
3652,"Public health is becoming an urgent issue nowadays. Some argue that governments should create nutrition and food choice laws to improve public health, while others believe that it is a matter of personal choice and responsibility. Discuss both views and give your opinion.","Public health has become an increasingly pressing issue in the modern world, with many populations facing rising rates of obesity, diabetes, and other diet-related diseases. This has led to a debate as to whether governments should establish nutrition and food choice laws for the betterment of public health or if it solely falls on individuals to make wise choices. In my view, everyone should take ownership of their diet and assume responsibility for their health because it is the right choice.

The argument for government-imposed nutrition and food choice laws is that they could help prevent people from making unhealthy choices which could lead to more serious illnesses down the line. For example, government regulations could limit the amount of sugar or fats allowed in food products, especially those marketed to children, and impose taxes on unhealthy snacks like chips and candy bars. This approach would also benefit those who lack the knowledge about healthy food, necessary to make informed decisions. By providing clear guidelines on what foods are healthy, and by taxing the unhealthy options higher, the government would steer individuals away from unhealthy options.

However, there are also some valid arguments against governmental intervention. These types of regulations infringe upon individuals’ right to choose what they put in their bodies. After all, everyone should be free to make lifestyle choices for themselves. Additionally, there may not be enough evidence to suggest that overly restrictive regulations would have beneficial effects on public health outcomes in the long run. Since people’s love of unhealthy food is often considered an addiction, it is unlikely that a higher price or other warnings would be enough to deter individuals from purchasing unhealthy food items.

In conclusion, while there can certainly be benefits associated with implementing nutrition and food choice laws at a governmental level, ultimately it should still come down to personal choice and responsibility as far as one’s diet is concerned. Governments should instead focus on providing citizens with better nutrition education, so that they can make better-informed decisions about what they consume. This way, they can receive the information they need while still having autonomy over their own diets and lifestyles.","### Task Achievement: 7
- The candidate effectively addresses the given task by presenting both sides of the argument and providing a clear opinion.
- The essay is well-organized, with a clear introduction, body paragraphs, and conclusion.
- All aspects of the task are adequately covered and supported with relevant arguments and evidence.
- The candidate demonstrates a good understanding of the topic and the requirements of the task.

### Coherence and Cohesion: 7
- The essay is well-structured and easy to follow.
- Transitions between sentences and paragraphs are clear and logical.
- Connecting words and phrases are used effectively to maintain a smooth progression of ideas.
- The essay has a good overall organization and structural integrity.

### Lexical Resource (Vocabulary): 7
- The candidate uses a wide range of vocabulary, including some complex and sophisticated words.
- The vocabulary is generally accurate, although there are a few minor errors.
- The vocabulary is appropriate for the given context.
- Overall, the candidate demonstrates a good command of English vocabulary.

### Grammatical Range and Accuracy: 7
- The candidate uses a variety of sentence structures, including some complex ones.
- The grammar is generally accurate, although there are a few minor errors.
- Punctuation and sentence formation are generally correct.
- Overall, the candidate demonstrates a good command of English grammar.

### Overall Band Score: 7.5
- The essay meets the requirements of the task and is well-organized and structured.
- The candidate demonstrates a good command of English vocabulary and grammar.
- The essay is generally well-written, although there are a few minor errors.
- Overall, the essay is a good example of IELTS Band 7.5 writing.

### Feedback and Additional Comments:
- Strengths:
    - The essay is well-organized and easy to follow.
    - The candidate demonstrates a good command of English vocabulary and grammar.
    - The essay is generally well-written.
- Areas for improvement:
    - The candidate could provide more specific examples to support their arguments.
    - The candidate could proofread their essay more carefully to eliminate minor errors.
- Suggestions for enhancement:
    - In the introduction, the candidate could provide a more detailed overview of the topic.
    - In the body paragraphs, the candidate could provide more specific examples to support their arguments.
    - In the conclusion, the candidate could restate their opinion and summarize the main points of the essay.",7.5
4344,"Some people believe that children that commit crimes should be punished. Others think the parents should be punished instead.
Discuss both views and give your own opinion.","No doubt, parents play a crucial role in shaping the character of their children. Since children are too young to understand what is right or wrong, it is the responsibility of parents to guide them in the right direction. Hence, I agree with the argument that parents should be held responsible for the actions of their minor children.

Children have impressionable minds. They acquire their values and morals from their parents. For instance, kids born in a good family often listen to good words and moral stories from the elderly family members. Therefore, when they find themselves in a difficult or unfavourable situation, they know how to keep their emotions in check and behave politely. This restraint that they learn from their family will prevent them from acting aggressively and getting into trouble.

By contrast, a child coming from a bad family may assimilate the bad qualities of their parents. Since they often get exposed to verbal and physical abuse they will assume that violence and aggression are normal and acceptable. It is only a matter of time before they commit crimes outside the home. For example, in India, the mother of a 14 year old boy was penalized for allowing her son to drive a four wheeler. The boy caused an accident and the judge who heard the case held his mother responsible because in his opinion, it was her duty to prevent her underage son from driving. Thus, obviously, parents are responsible for the actions of their children.

To conclude, after analysing the situation, it is not hard to see that the role of parents in raising law abiding citizens with social commitment is of utmost importance. Hence, I believe that parents should be held accountable for the wrong acts of their children.","**Task Achievement:**

The candidate has effectively addressed the task by discussing both views on the issue of punishing children or parents for crimes committed by children. The essay presents clear and relevant arguments, adequately covering all aspects of the task. The candidate demonstrates a good understanding of the topic and provides appropriate support for their opinions.

**Suggested Band Score (Task Achievement): 8**

**Coherence and Cohesion:**

The essay is well-organized and easy to follow. Transitions between sentences and paragraphs are smooth, and connecting words and phrases are used effectively to maintain a logical flow of ideas. The overall structure of the essay is coherent, with a clear introduction, body paragraphs, and conclusion.

**Suggested Band Score (Coherence and Cohesion): 8**

**Lexical Resource (Vocabulary):**

The candidate uses a variety of vocabulary, including some complex and sophisticated words. However, there are a few instances of inaccurate or overuse of certain words. For example, ""acquire"" could be replaced with ""learn"" and ""assimilate"" could be replaced with ""adopt.""

**Suggested Band Score (Lexical Resource): 7.5**

**Grammatical Range and Accuracy:**

The candidate demonstrates a good grasp of grammar, with varied and complex sentence structures. However, there are a few grammatical errors. For example, ""they will assume that violence and aggression are normal and acceptable"" could be corrected to ""they will assume that violence and aggression are the norm.""

**Suggested Band Score (Grammatical Range and Accuracy): 7.5**

**Overall Band Score:**

Considering the candidate's performance across all criteria, the overall band score for this essay is **8**. The essay effectively addresses the task, is well-organized and coherent, and demonstrates a good range of vocabulary and grammar. While there are a few minor errors, these do not significantly detract from the overall quality of the writing.

**Feedback and Additional Comments:**

Overall, this is a well-written essay that demonstrates a good understanding of the task and a strong command of English language. The candidate could improve their score by focusing on using more precise vocabulary and eliminating grammatical errors.",8
8825,"Present a written argument or case to an educated reader with no specialist knowledge of the following topic:

Some people think that art is an essential subject for children at school, while others think it is a waste of time. Discuss both sides and give your opinion.

You should write at least 250 words.","In this competitive world, educational institutes designs their curriculum to cover broad range of subjects and try to teach the ones which are not related to specific stream such as an art. According to a few, this can be beneficial to students while others believe that it is waste of time. In my opinion, along with main subjects, learning an art will be an added advantage. 

Though science and commerce subjects are being considered more important, an art plays vital role in person's education. In bygone days only main stream curriculum were the top choices for leaners while in this contemporary world artistic subject plays an equal important role because learning them in parallel can cultivate an interest and young ones can explore thier potential as a second career. To illustrate, an engineering student who learnt graphics design is now able to create non fungible tokens for their artworks and sell them in cryptocurrency market. 

On the other hand, people thinks that teaching non main stream subject can not be helpful because person will never implement that learning in their professional career hence that will be a time wasting. For example, teaching sanskrit language to a sceince student could not aid in their post study life; instead that time can be efficiently utilised for other scientific study. Hence, more they focus on related subject matter, better they excel in their path.

In my opinion, learning an art subject during schooling might require an additional effort but it may lead to explore other opportunities for students hence there is no harm in getting an additional knowledge.

To conclude, in this challenging time, teaching all subjects can be treaky, especially including art in main curricula. While some people think that it would not serve any purpose, according to others  it could be competitive advantage to pupils and so do I opine the same.","## Task Achievement:
The essay adequately addresses the given task by presenting both sides of the argument and providing an opinion. The candidate has covered all aspects of the task and supported their arguments with examples. However, the essay does not go into enough depth and the arguments could be more developed.

**Suggested Band Score (Task Achievement): 4**

## Coherence and Cohesion:
The essay is generally coherent and cohesive, with clear transitions between sentences and paragraphs. However, there are some instances of awkward phrasing and the essay could benefit from more varied sentence structures.

**Suggested Band Score (Coherence and Cohesion): 3.5**

## Lexical Resource (Vocabulary):
The essay demonstrates a good range of vocabulary, but there are some inaccuracies and overuse of certain words. For example, the candidate uses the word ""aid"" incorrectly in the second paragraph. The vocabulary is generally appropriate for the context.

**Suggested Band Score (Lexical Resource): 3**

## Grammatical Range and Accuracy:
The essay demonstrates a variety of sentence structures, but there are several grammatical errors. For example, the candidate uses the wrong verb tense in the first paragraph. The use of punctuation is generally correct.

**Suggested Band Score (Grammatical Range and Accuracy): 3**

## Overall Band Score:
Considering the essay's performance across all criteria, a suggested overall band score would be **5**. The essay addresses the task, is generally coherent and cohesive, and demonstrates a good range of vocabulary. However, the essay could benefit from more developed arguments, improved grammar and vocabulary, and a more varied use of sentence structures.

## Feedback and Additional Comments:
**Strengths:**
- The essay adequately addresses the task and provides an opinion.
- The essay is generally coherent and cohesive.
- The essay demonstrates a good range of vocabulary.

**Areas for Improvement:**
- The arguments could be more developed and supported with more evidence.
- The grammar and vocabulary could be improved.
- The essay could benefit from a more varied use of sentence structures.

**Suggestions for Enhancement:**
- The candidate could provide more specific examples to support their arguments.
- The candidate could use more advanced vocabulary and grammar structures.
- The candidate could practice writing different types of sentences to improve their variety and complexity.",5
4422,"In some countries, more and more people are becoming interested in finding out about the history of the houses or building they live in.
What is the reason for this?
How can people research on this?","Increasingly,  more individuals are keen to know the routes of the places they stay in.  This might be because of their need to become aware of their importance as well as special maintenance requirements. There are a variety of ways that can be achieved. 

To begin, there has been an increase in the need for people  to understand the routes of the places they stay in. For some, it is just to  know the value and importance of the houses and buildings they live in. This means that people will learn to attach value to these premises and therefore take good care of them. For example, knowing that one's house is of national value may influence their decision to keep it. In addition, knowledge may also understand how they have been constructed and the type of material used. This knowledge has an implication on the type of care given to these buildings.

To acquire the required information, I believe that extensive reading by occupants may assist them to know the history of the houses they live in. For example, the Second Pope found out intriguing information regarding the mansion he inherited from the first Pope while he was searching  for the history of the establishment of religion in Asia in a local library. First-hand information could be another  way of acquiring information about one's habitat. This is one very reliable source of information as this information can be passed on from one generation to the next and may save people the trouble to search  as this could be done as tradition.

In conclusion, it has become quite common that more individuals to seek to understand the history of the buildings they live in. I believe that for the seekers, extensive reading, as well  as generational first-hand information,first-hand information is a reliable way of getting what they need to know about their homes.","**Task Achievement:**

- The candidate has adequately addressed the task by providing reasons for the growing interest in house history and discussing methods for researching it.
- Ideas are presented clearly and relevant to the task, but the response lacks depth and analysis.
- All aspects of the task are covered, but some points are underdeveloped and not fully supported.

- **Suggested Band Score: 6.5**

**Coherence and Cohesion:**

- Transitions between sentences and paragraphs are generally clear and smooth.
- Connecting words and phrases are used effectively to maintain the progression of ideas.
- The essay is organized logically and information flows well.

- **Suggested Band Score: 7**

**Lexical Resource (Vocabulary):**

- The candidate uses a range of vocabulary, but there are some inaccuracies and overuse of certain words.
- There are a few vocabulary mistakes, e.g., ""routes"" instead of ""history"" in the first paragraph.
- Some words are not appropriate for the context, e.g., ""intriguing"" in the third paragraph.

- **Suggested Band Score: 6**

**Grammatical Range and Accuracy:**

- Sentence structures are varied and generally grammatically correct.
- There are a few grammatical errors, e.g., ""For some, it is just to know the value and importance of the houses and buildings they live in"" should be ""For some, it is solely to know the value and importance of the houses and buildings they live in.""
- Punctuation and sentence formation are mostly accurate.

- **Suggested Band Score: 6.5**

**Overall Band Score:**

Considering the essay's performance across all criteria, the overall band score is **7**.

**Feedback and Additional Comments:**

**Strengths:**

- The essay is well-organized and easy to follow.
- The candidate provides clear reasons for the growing interest in house history.

**Areas for Improvement:**

- The essay lacks depth and analysis. The candidate could provide more specific examples and support their arguments with evidence.
- There are a few vocabulary and grammatical errors that need to be corrected.",7
