ID,question_id,question,sample_answer,criteria,sample_criteria,full_points,id,answer,score_1,score_2,score_3,score_outlier
47,3,"Now let’s look at vector-avoid-hold-and-wait.c. What is the main problem with this approach? How does its performance compare to the other versions (i.e., vector-global-order and vector-try-wait), when running both with -p and without it?","The main problem with this approach is that it is too coarse: the global lock (which protects the acquisition of all the other locks) will be under contention even when the vectors being manipulated by each thread is different. The run times under heavy contention (without the -p flag) very close to those for vector-global-order. For the high parallelism (with the -p flag) case, vector-avoid-hold-and-wait performs as it does under high contention, but about twice as slow as vector-global-order under high parallelism. Consequently, the comparison between vector-global-order and vector-try-wait holds here as well.","three-subquestions, 5 points for each subquestion.
• For explain “main problem” (5 points)
• For explain the setting “without the -p flag” (5 points)
• For explain the setting “with the -p flag” (5 points)","three-subquestions, 5 points for each subquestion.
• For explain “main problem” (5 points)
• For explain the setting “without the -p flag” (5 points)
• For explain the setting “with the -p flag” (5 points)",15,outlier_19,"The mutex lock cannot work properly as there are three mutex lock however, the order of releasing the lock is not same. This will cause a deadlock. When running -d -n 2 -l 10000 -t, vector-avoid-hold-and-wait and vector-global-order run 0.01 and vector-try-wait run 0.02. However, when adding -p, vector-avoid-hold-and-wait run 0.01 where vector-global-order and vector- try-wait run 0.0.",8.0,9,7,
17,3,"Now let’s look at vector-avoid-hold-and-wait.c. What is the main problem with this approach? How does its performance compare to the other versions (i.e., vector-global-order and vector-try-wait), when running both with -p and without it?","The main problem with this approach is that it is too coarse: the global lock (which protects the acquisition of all the other locks) will be under contention even when the vectors being manipulated by each thread is different. The run times under heavy contention (without the -p flag) very close to those for vector-global-order. For the high parallelism (with the -p flag) case, vector-avoid-hold-and-wait performs as it does under high contention, but about twice as slow as vector-global-order under high parallelism. Consequently, the comparison between vector-global-order and vector-try-wait holds here as well.","three-subquestions, 5 points for each subquestion.
• For explain “main problem” (5 points)
• For explain the setting “without the -p flag” (5 points)
• For explain the setting “with the -p flag” (5 points)","three-subquestions, 5 points for each subquestion.
• For explain “main problem” (5 points)
• For explain the setting “without the -p flag” (5 points)
• For explain the setting “with the -p flag” (5 points)",15,grading_4,"The main problem with this approach is that the global lock should be unlocked in the end of the code instead of right after getting the dst and src lock. When I run ./vector-avoid-hold-and-wait -t -n 2 -l 100000 -d, the total time is 0.10 seconds. When I run ./vector-avoid-hold-and-wait -t -n 2 -l 100000 -d -p, the total time is 0.06 seconds. Therefore, when running without -p, the total time of vector-avoid-hold-and-wait.c is longer than the vector-global-order.c, but shorter than the vector-try-wait.c. When running with -p, the total time of vector-avoid-hold-and-wait.c is longer than both vector-global-order.c and vector-try-wait.c.",10.0,10,10,
5,3,"Now let’s look at vector-avoid-hold-and-wait.c. What is the main problem with this approach? How does its performance compare to the other versions (i.e., vector-global-order and vector-try-wait), when running both with -p and without it?","The main problem with this approach is that it is too coarse: the global lock (which protects the acquisition of all the other locks) will be under contention even when the vectors being manipulated by each thread is different. The run times under heavy contention (without the -p flag) very close to those for vector-global-order. For the high parallelism (with the -p flag) case, vector-avoid-hold-and-wait performs as it does under high contention, but about twice as slow as vector-global-order under high parallelism. Consequently, the comparison between vector-global-order and vector-try-wait holds here as well.","three-subquestions, 5 points for each subquestion.
• For explain “main problem” (5 points)
• For explain the setting “without the -p flag” (5 points)
• For explain the setting “with the -p flag” (5 points)","three-subquestions, 5 points for each subquestion.
• For explain “main problem” (5 points)
• For explain the setting “without the -p flag” (5 points)
• For explain the setting “with the -p flag” (5 points)",15,grading_18,With -p it is slightly slower than global order. Without -p it is in the middle between two methods.,5.0,5,4,
10,3,"Now let’s look at vector-avoid-hold-and-wait.c. What is the main problem with this approach? How does its performance compare to the other versions (i.e., vector-global-order and vector-try-wait), when running both with -p and without it?","The main problem with this approach is that it is too coarse: the global lock (which protects the acquisition of all the other locks) will be under contention even when the vectors being manipulated by each thread is different. The run times under heavy contention (without the -p flag) very close to those for vector-global-order. For the high parallelism (with the -p flag) case, vector-avoid-hold-and-wait performs as it does under high contention, but about twice as slow as vector-global-order under high parallelism. Consequently, the comparison between vector-global-order and vector-try-wait holds here as well.","three-subquestions, 5 points for each subquestion.
• For explain “main problem” (5 points)
• For explain the setting “without the -p flag” (5 points)
• For explain the setting “with the -p flag” (5 points)","three-subquestions, 5 points for each subquestion.
• For explain “main problem” (5 points)
• For explain the setting “without the -p flag” (5 points)
• For explain the setting “with the -p flag” (5 points)",15,grading_12,"The problem is it may lead to deadlock. When running with -p, the performance may be better compared with vector-global-order may be better. The performance may be worsen compared with vector-try-wait. If without parallel, the performance may be worsened.",10.0,12,10,
29,3,"Now let’s look at vector-avoid-hold-and-wait.c. What is the main problem with this approach? How does its performance compare to the other versions (i.e., vector-global-order and vector-try-wait), when running both with -p and without it?","The main problem with this approach is that it is too coarse: the global lock (which protects the acquisition of all the other locks) will be under contention even when the vectors being manipulated by each thread is different. The run times under heavy contention (without the -p flag) very close to those for vector-global-order. For the high parallelism (with the -p flag) case, vector-avoid-hold-and-wait performs as it does under high contention, but about twice as slow as vector-global-order under high parallelism. Consequently, the comparison between vector-global-order and vector-try-wait holds here as well.","three-subquestions, 5 points for each subquestion.
• For explain “main problem” (5 points)
• For explain the setting “without the -p flag” (5 points)
• For explain the setting “with the -p flag” (5 points)","three-subquestions, 5 points for each subquestion.
• For explain “main problem” (5 points)
• For explain the setting “without the -p flag” (5 points)
• For explain the setting “with the -p flag” (5 points)",15,outlier_1,"The main problem of this approach is that the global lock will protect the acquirement of all the locks. ./vector-avoid-hold-and-wait -t -l 100000 -d -n 2, the completion time is around 0.10 seconds which is very close to vector-global-order and vector-try-wait. With -p, ./vector-avoid-hold-and-wait -t -l 100000 -d -n 2 -p, the completion time is around 0.06 seconds, it is much slower than the other two types.",15.0,15,15,
