essay_id_comp,full_text,holistic_essay_score,word_count,prompt_name,task,assignment,source_text,gender,grade_level,ell_status,race_ethnicity,economically_disadvantaged,student_disability_status,prompt_url,gpt4_summary,scoring_rubric_url
B877676EEFD0,"From riding your bike to flying in a airplane. There are many ways of transportation. As cars and other motorized vehicles create smog and pollution, riding your bike or walking doesn't. There are many advatages of limiting car usage.

Car usage can have positive effects on the city when it is limited. In article one it states ""Passenger cars are responsible for.... greenhouse gas emissions.... up to 50 percent in some car intensive areas."" Greenhouse gas is basically pollution from emissions. Motorized vehicles are most responsible for creating pollution. Another statement from article one ""In the past two decades to make cities denser and better for walking."" By making cities more compact it helps to make everything within walking distance. As the article states this it shows how cars are more of a problem then it does to help as it easier just to walk.

Humans have started to rely on cars to do everything for them when it is actually hurting the world. In article three it states

""It's a good opportunity to take away stress and lower air pollution""

said by a businessman in Bogota, Columbia on Car Free Day. The human body is always needing a way to be fit and happy. The air pollution around the world it becoming out of hand and needs to be controlled. Also in source two it states ""Paris enforced a partial driving ban to clear the air of the global city."" The Driving ban stops people from driving to slow emmisions. This shows how driving is affecting our world.

From these series of sources it shows the advantages of limiting car usage. Driving must be limited.              ",3,282,Car-free cities,Text dependent,Write an explanatory essay to inform fellow citizens about the advantages of limiting car usage. Your essay must be based on ideas and information that can be found in the passage set. Manage your time carefully so that you can read the passages; plan your response; write your response; and revise and edit your response. Be sure to use evidence from multiple sources; and avoid overly relying on one source. Your response should be in the form of a multiparagraph essay. Write your essay in the space provided.,"Source 1: ""In German Suburb, Life Goes On Without Cars,"" by Elisabeth Rosenthal 
 Source 2: ""Paris bans driving due to smog,"" by Robert Duffer 
 Source 3: ""Car-free day is spinning into a big hit in Bogota,"" by Andrew Selsky 
 Source 4: ""The end of car culture,"" by Elisabeth Rosenthal",M,10.0,No,White,,,https://www.nytimes.com/2009/05/12/science/earth/12suburb.html,"Vauban, an experimental district near Freiburg, Germany, is pioneering suburban living without reliance on cars. Established in 2006, it prohibits street parking, driveways, and home garages, allowing car ownership but limiting parking to large garages on the development's edge, costing $40,000 per space. This innovative concept has led 70% of Vauban’s families to live without cars, with 57% selling their cars to move there. Emphasizing “smart planning,” Vauban is a model in reducing greenhouse gas emissions, a critical factor in combating global warming. The district, home to 5,500 residents, showcases how suburban areas can be more compact, accessible to public transportation, and less car-dependent. This approach aligns with efforts in the U.S. and Europe to develop suburbs that favor public transport and walking, with amenities within walking distance. However, despite these efforts, challenges remain in changing car-centric attitudes and adapting urban planning regulations to support such sustainable living models.",https://huggingface.co/datasets/nlpatunt/dataset_rubrics/raw/main/Persuade/score_prompt_template.html
4CAB27E45729,"Offering distance learning as an optoion for students to attend classes from home by way of online or video conferencing is a good idea for the students. Some students for distance sometimes can be an issue, as for others they can't go to school for there health issues, and for others it would still be teacher to student/s.

Transportation can be dificult with that issue, and something that issue effects going to school. The car can break down, the tire car wheel can pop, something can just stop working making the car act up. making the distance to school seem longer then it should, and it being unsafe to drive at times. Better to stay safe then sorry. Sometimes you could be a whole city way, or state away dealing with family issues. School work would be one thing less on you're shoulders for your problems.

Then there is the issue of being sick. With this, sick poeple would be able to stay home and not spread their grems and get others sick. Maybe you're having a medical issue where you could be at the hospital,this way you could be in 2 places at once. you would be in the hosppital bed learnign about math while the rest of your class is at school learning about the same thing. At home on bed rest? You could easily hope on to the website they have, and you could be learning at the same time as them about the topic.

Some students need, that one on one with a teacher to learn somethings. with being online or video conferencing those students then have that one on one with the teachers. Some of those students are the right then and there or never again type of students. Where if they don't ask then and there they won't remember what the y want to ask or what they were going to say. Then others would just like to see their favorite teacher to left there hopes being sick or to far from home.

With all of this, giving students the option to go online to get there schooling while sick helps. Or when they may need help with something so they do video conferencing so they may understand directly what the teacher is trying to get to. so even with trouble with distance, or the health issues you may have. And for some, just the speaking to others help. These are some reasons that benefit from being able to attend classes from home. ",4,415,Distance learning,Independent,Some schools offer distance learning as an option for students to attend classes from home by way of online or video conferencing. Do you think students would benefit from being able to attend classes from home? Take a position on this issue. Support your response with reasons and examples.,,F,11.0,No,Hispanic/Latino,Economically disadvantaged,Not identified as having disability,,,https://huggingface.co/datasets/nlpatunt/dataset_rubrics/raw/main/Persuade/score_prompt_template.html
994898BB8EDF,"When people ask for advice,they are really asking someone a Question. That person will always get some type of an opinion from a person. If he dosent get an answer ,then that person might not want to talk to you or they could hate you. Many people ask or advice.

Why do people ask for advice? They ask for advice because they dont know how to do something or they wont know how to do something in the future. when you ask for advice you suppose to ask something that they have already did. like,ÃÂ¨ have you ever had a baby before?ÃÂ¨ Then your suppose to ask another question,and your next question that should be your advice.

Do you have to answer when somebody asks for advice? No you do not have to answer when somebody asks. you can be respectful and say I rather not answer it or can be disrespectful and just ignore the person. Then that person might ask you why not or they might mumble under they breathe and say that that was mean.

People can get many different opinions about something. You can also get many different opinoins form people. they can be right but they can also be wrong. That is why you have to be carefull about what ask and what you say,because you can say something wrong and someone might blame you for what you said. ",2,230,Seeking multiple opinions,Independent,"When people ask for advice, they sometimes talk to more than one person. Explain why seeking multiple opinions can help someone make a better choice. Use specific details and examples in your response.",,M,8.0,No,Black/African American,Not economically disadvantaged,Identified as having disability,,,https://huggingface.co/datasets/nlpatunt/dataset_rubrics/raw/main/Persuade/score_prompt_template.html
5F67460F0E7F,"In ""The Challenge of Exploring Venus,"" the author shares many key facts to explain how worthy but dangerous exploring Venus would be. In the pasasge the author shares the life risking ways Venus could be ,but he or she also shares the importance and information gaining ways of how worthy exploring Venus is. The factors of how dangerous Venus is may not set us back from exploring and investigating the factors that Venus provides.

Venus has a thick atmosphere of almost 97 percent carbon dioxide that blankets the planet. The passage states ""even more challenging are the clouds of highly corrosive sulfuric acid in Venus's atmosphere. The author already shared 2 of the most dangerous features of the planet ,but is still wanting to explore. The conditions are more extreme than anything humans encounter on earth , but this could help scientists investigate how closely related it could be to earth.

Venus is refrred to as ''Earths twin"". The passage gives us ways how eath and Venus are similar and differant. Putting aside the dangerous attributes of Venus it just has to be worthy of exploring ,because earth really was! It gives us a place to live and expand. How awesome would it be to do the same on Venus?

In pharagraph 4, it states ""Long ago Venus was probably covered largely with oceans and could have supported various forms of life"". This was a good supportive fact for the author to help us understand why this is to worthy of discovering. The passgae also includes that today Venus still has some features that are analogous to those on earth. But how do we know? We have to keep an open mind to the information given to us about how dangerous this could be.

Venus has the hottest surface out of any planet in the solar system. The author shares that there are erupting volcanoes, powerful earthquakes ,and many other dangerous factors to add. This informs us that if Venus is so worthy to discover, we need to find safe healthy ways to do so.

NASA is working hard to find ways that it woud be posible to explore Venus. In paragragh 6, the author includes ""However, peering at Venus from a ship orbiting or hovering safely far above the planet can provide only limited insight on ground conditions because most forms of light cant penetrate the dense atmosphere"" ,this tells us there are still major set backs. NASA continues to research on differant approches to study Venus. They are striving to meet the challenges of Venus and its danger .so they can prove it could one day be like earth.

There are many facts shared in this passage to help us believe that Venus is important and worthy of exploring. Like the author says ""Not easy conditions, but survivable for humans. The author wants us to believe him or her, and she does this by supporting this with claims and true facts on the topic. He or she proved no matter the factors of how dangerous Venus can be we can't be set back from exploring the factors that Venus shares.                 ",4,533,Exploring Venus,Text dependent,"In ""The Challenge of Exploring Venus,"" the author suggests studying Venus is a worthy pursuit despite the dangers it presents. Using details from the article, write an essay evaluating how well the author supports this idea. Be sure to include: a claim that evaluates how well the author supports the idea that studying Venus is a worthy pursuit despite the dangers; an explanation of the evidence from the article that supports your claim; an introduction, a body, and a conclusion to your essay.","""The Challenge of Exploring Venus""",F,10.0,No,White,Not economically disadvantaged,Not identified as having disability,unknown,,https://huggingface.co/datasets/nlpatunt/dataset_rubrics/raw/main/Persuade/score_prompt_template.html
61E87D530E50,"Everybody works when their kids, and when their adults. Kids work so hard in school, and rack up so much homework, it overflows them everyday when they get home. When you have so much work, and so little time to do things you love like spending time with your family the homework gets in the way of that. School takes over your life which is a good thing, and a bad thing. It can be a good thing because you learn so much which can help you excel in life, but it can take the life you should be living when your a kid. A kid should be able to play outside with friends, and go to the pool to swim but they can't.

Making a kid have to do more school work, and stay longer at school would just give them more stress. More stress would make a kid become overwhelmed, and not do as well as they used to with less stress. Adding a extra activity to a kids life would just take away the name kid, a kid should be with his/her family, or outside running around. Schools need to have extra actives for kids, but they should never force a kid to do them.

Don't make a kid work more and add more stress to their life you should be taking away the stress.

As a kid to much work just makes a kid not want to work. If you force a kid into adding an extra activity to their seclude it just ruins the childhood they should be having. A kid should make his/her own choices in which what they want to do as a kid. Kids need to have fun, and play around and be close with there family, but adding an activity is like adding a year to a prison sentence, you are stuck in some place you don't want to be at. I believe that all kids should get to chose either if they want to do the extra activities or if they don't. School is just one big heartbreaking place where kids have to sit around all day, and then go eat food which no one knows what it actually is.",3,366,Mandatory extracurricular activities,Independent,"Your principal has decided that all students must participate in at least one extracurricular activity. For example, students could participate in sports, work on the yearbook, or serve on the student council. Do you agree or disagree with this decision? Use specific details and examples to convince others to support your position. ",,M,8.0,No,White,Not economically disadvantaged,Not identified as having disability,,,https://huggingface.co/datasets/nlpatunt/dataset_rubrics/raw/main/Persuade/score_prompt_template.html
