ID,Question ID,Question,Full marks,Expected Answer,student_answer,grade,llm_grade,llm_total_grade,llm_logs,rubric_source
1034,hardness_test_0,What does hardness of a material mean (what is it measuring or what does it tell you about the material)? (Give at least one answer),5.0,"Hardness is the resistance of a material to local plastic deformation due to indentation loads. Even though it is material property (exists throughout the body) what we measure is this property at the surface of the sample, thus giving us a measure of wear or scratch resistance.",Hardness tells you the material's ability to resist plastic deformation. Materials with a larger hardness typically have higher yield and tensile strengths.,0.0,"{'SUM_rubric_0': 2.5, 'SUM_rubric_1': 1.5, 'OR_rubric_1': 0, 'OR_rubric_2': 0}",4.0,"LLM response:
          
student_answer: Hardness tells you the material's ability to resist plastic deformation. Materials with a larger hardness typically have higher yield and tensile strengths.
standard_answer: Hardness is the resistance of a material to local plastic deformation due to indentation loads. Even though it is material property (exists throughout the body) what we measure is this property at the surface of the sample, thus giving us a measure of wear or scratch resistance. 
rubrics_points_list: [['Attempted the problem to some extent even though missed many important points', 2.5], ['Did they mention that we measure plastic deformation? But missed details', 1.5]] 
question: What does hardness of a material mean (what is it measuring or what does it tell you about the material)? (Give at least one answer) 
rubrics_points_or_list: [[['Did they mention that localized or indentation loads?', 1], ['Instead of indentation did they mention scratch resistance or Fatigue resistance?', 0.75]]] 
response: ChatCompletion(id='chatcmpl-9lhk7p3xwJ4jCxmMJF7lnUZ6NQZ7U', choices=[Choice(finish_reason='stop', index=0, logprobs=None, message=ChatCompletionMessage(content='{\n  ""SUM_rubric_0"": 2.5,\n  ""SUM_rubric_1"": 1.5,\n  ""OR_rubric_1"": 0,\n  ""OR_rubric_2"": 0\n}', role='assistant', function_call=None, tool_calls=None))], created=1721156591, model='gpt-4o-2024-05-13', object='chat.completion', system_fingerprint='fp_400f27fa1f', usage=CompletionUsage(completion_tokens=54, prompt_tokens=536, total_tokens=590)) 
response.choices[0].message.content: {
  ""SUM_rubric_0"": 2.5,
  ""SUM_rubric_1"": 1.5,
  ""OR_rubric_1"": 0,
  ""OR_rubric_2"": 0
}",https://huggingface.co/datasets/nlpatunt/dataset_rubrics/raw/main/ReGrading_Dataset_2JC/hardness-test.html
310,cw_and_annealing_0,In this experiment we used the term “activation energy” for material.Would this energy with 30% reduction be larger or smaller than for one with 60% reduction? Why?,7.5,"The activation energy for the 30% reduction would be greater than for 60% reduction because it has less stored energy.Therefore, more energy would be required to start the annealing process. The dislocation entanglement in the 30% reduction will be much lower than the 60% scenario. Thus, we need a lot more energy to initiate the dislocations to get unentangled or recrystallized. In the case of 60% reduction in area there is already a lot of plastic deformation, recrystallization, and grain deformation that has occurred in the specimen. Thus, the material starts to recrystallize at much lower energy to reach a lower energy state.",The activation energy for a cold worked sample with 30% reduction in area would be smaller than that of a sample with 60% reduction because the 60% reduced sample has a greater hardness and a lower stability. The activation energy is the energy required to initiate dislocation motion within the sample. Materials with lower dislocation mobility caused by increased cold work need more energy to initiate dislocation motion.,4.0,"{'SUM_rubric_0': 2.0, 'SUM_rubric_1': 0.0, 'SUM_rubric_2': 0.0, 'OR_rubric_1': 0.0, 'OR_rubric_2': 0.0}",2.0,"LLM response:
          
student_answer: The activation energy for a cold worked sample with 30% reduction in area would be smaller than that of a sample with 60% reduction because the 60% reduced sample has a greater hardness and a lower stability. The activation energy is the energy required to initiate dislocation motion within the sample. Materials with lower dislocation mobility caused by increased cold work need more energy to initiate dislocation motion.
standard_answer: The activation energy for the 30% reduction would be greater than for 60% reduction because it has less stored energy. Therefore, more energy would be required to start the annealing process. the dislocation entanglement in the 30% reduction will be much lower than the 60% scenario. Thus, we need a lot more energy to initiate the dislocations 2 get unentangled or recrystallized. In the case of 60% reduction in area there is already a lot of plastic deformation recrystallization and grain deformation that has occurred in the specimen. Thus, the material starts to recrystallize at much lower energy to reach a lower energy state.  
rubrics_points_list: [['Attempted a point to some extent.', 2.0], ['Did the student mention the deactivation energy will be greater?', 3.0], ['Did the student mention that 30% reduction will have lower amount of entanglement which results in higher energy required for the recrystallization process? Give partial grade if you feel so.', 2.5]] 
question: In this experiment we used the term “activation energy” for material. Would this energy with 30% reduction be larger or smaller than for one with 60% reduction? Why? 
rubrics_points_or_list: [] 
response: ChatCompletion(id='chatcmpl-9ljWSpy3mlrV1xDpNwnzseirwC6SG', choices=[Choice(finish_reason='stop', index=0, logprobs=None, message=ChatCompletionMessage(content='{\n  ""SUM_rubric_0"": 2.0,\n  ""SUM_rubric_1"": 0.0,\n  ""SUM_rubric_2"": 0.0,\n  ""OR_rubric_1"": 0.0,\n  ""OR_rubric_2"": 0.0\n}', role='assistant', function_call=None, tool_calls=None))], created=1721163432, model='gpt-4o-2024-05-13', object='chat.completion', system_fingerprint='fp_dd932ca5d1', usage=CompletionUsage(completion_tokens=72, prompt_tokens=704, total_tokens=776)) 
response.choices[0].message.content: {
  ""SUM_rubric_0"": 2.0,
  ""SUM_rubric_1"": 0.0,
  ""SUM_rubric_2"": 0.0,
  ""OR_rubric_1"": 0.0,
  ""OR_rubric_2"": 0.0
}",https://huggingface.co/datasets/nlpatunt/dataset_rubrics/raw/main/ReGrading_Dataset_2JC/cw-and-annealing.html
1344,point_bending_experiment_1,Would you recommend using a 4-point bending test and why (only one answer required)?,7.5,a. It is sometime recommended to use a 4-point bending test since the maximum moment is the same between the two internal loading points which in turn will minimize the variability in failure strength as now we look for the critical crack in a region then a point for three-point bending.b.  A four-point bend test is also a pure bending test. There is no shear force between the internal loading points and therefore the only load applied is a bending moment. This isolates the effect of the bending moment instead of having he combined loading in the 3-point bending test,"The four point bending test has much less shear stress acting on the sample than the three point test. This means that any sample that does not have great shear strength, like many brittle materials and ceramics, would be fail because of the flexure strength, not the shear strength, and since the value that is being sought after is that flexure strength, it makes sense to use it over the three point test which would give you inaccurate data.",6.5,"{'SUM_rubric_0': 3.0, 'SUM_rubric_1': 1.0, 'SUM_rubric_2': 2.25, 'SUM_rubric_3': 0.0, 'OR_rubric_1': 0.0, 'OR_rubric_2': 0.0}",6.25,"LLM response:
          
student_answer: The four point bending test has much less shear stress acting on the sample than the three point test. This means that any sample that does not have great shear strength, like many brittle materials and ceramics, would be fail because of the flexure strength, not the shear strength, and since the value that is being sought after is that flexure strength, it makes sense to use it over the three point test which would give you inaccurate data.
standard_answer: a. It is sometime recommended to use a 4-point bending test since the maximum moment is the same between the two internal loading points which in turn will minimize the variability in failure strength as now we look for the critical crack in a region then a point for three-point bending. 
b.  A four-point bend test is also a pure bending test. There is no shear force between the internal loading points and therefore the only load applied is a bending moment. This isolates the effect of the bending moment instead of having he combined loading in the 3-point bending test. 
rubrics_points_list: [['Attempted the problem to some extent even though missed many important points.', 3.0], ['Did the student mention that four point bending is recommended?', 1.0], ['Did the student mention the beam is in pure bending or no shear?', 2.25], ['Did the student mention that now That the variability will reduce because the maximum movement acts over a region rather than a single point?', 1.25]] 
question: Would you recommend using a 4-point bending test and why (only one answer required)? 
rubrics_points_or_list: [] 
response: ChatCompletion(id='chatcmpl-9liCMQW4KNMjpija4EVedNzbhz4dA', choices=[Choice(finish_reason='stop', index=0, logprobs=None, message=ChatCompletionMessage(content='{\n  ""SUM_rubric_0"": 3.0,\n  ""SUM_rubric_1"": 1.0,\n  ""SUM_rubric_2"": 2.25,\n  ""SUM_rubric_3"": 0.0,\n  ""OR_rubric_1"": 0.0,\n  ""OR_rubric_2"": 0.0\n}', role='assistant', function_call=None, tool_calls=None))], created=1721158342, model='gpt-4o-2024-05-13', object='chat.completion', system_fingerprint='fp_dd932ca5d1', usage=CompletionUsage(completion_tokens=86, prompt_tokens=712, total_tokens=798)) 
response.choices[0].message.content: {
  ""SUM_rubric_0"": 3.0,
  ""SUM_rubric_1"": 1.0,
  ""SUM_rubric_2"": 2.25,
  ""SUM_rubric_3"": 0.0,
  ""OR_rubric_1"": 0.0,
  ""OR_rubric_2"": 0.0
}",https://huggingface.co/datasets/nlpatunt/dataset_rubrics/raw/main/ReGrading_Dataset_2JC/3-point-bending-experiment.html
1408,hardness_test_0,What does hardness of a material mean (what is it measuring or what does it tell you about the material)? (Give at least one answer),5.0,"Hardness is the resistance of a material to local plastic deformation due to indentation loads. Even though it is material property (exists throughout the body) what we measure is this property at the surface of the sample, thus giving us a measure of wear or scratch resistance.","The hardness of a material is simply the material's resistance to plastic deformation. A material with low hardness implies that a low amount of force is needed to create permanent deformation. On the other hand, a material with high hardness implies that a high amount of force is needed in order to create a permanent deformation. ",5.0,"{'SUM_rubric_0': 2.5, 'SUM_rubric_1': 1.5, 'OR_rubric_1': 0, 'OR_rubric_2': 0}",4.0,"LLM response:
          
student_answer: The hardness of a material is simply the material's resistance to plastic deformation. A material with low hardness implies that a low amount of force is needed to create permanent deformation. On the other hand, a material with high hardness implies that a high amount of force is needed in order to create a permanent deformation. 
standard_answer: Hardness is the resistance of a material to local plastic deformation due to indentation loads. Even though it is material property (exists throughout the body) what we measure is this property at the surface of the sample, thus giving us a measure of wear or scratch resistance. 
rubrics_points_list: [['Attempted the problem to some extent even though missed many important points', 2.5], ['Did they mention that we measure plastic deformation? But missed details', 1.5]] 
question: What does hardness of a material mean (what is it measuring or what does it tell you about the material)? (Give at least one answer) 
rubrics_points_or_list: [[['Did they mention that localized or indentation loads?', 1], ['Instead of indentation did they mention scratch resistance or Fatigue resistance?', 0.75]]] 
response: ChatCompletion(id='chatcmpl-9lhlBrF1fmhMWdUDpPfAj3bdZvNH4', choices=[Choice(finish_reason='stop', index=0, logprobs=None, message=ChatCompletionMessage(content='{\n  ""SUM_rubric_0"": 2.5,\n  ""SUM_rubric_1"": 1.5,\n  ""OR_rubric_1"": 0,\n  ""OR_rubric_2"": 0\n}', role='assistant', function_call=None, tool_calls=None))], created=1721156657, model='gpt-4o-2024-05-13', object='chat.completion', system_fingerprint='fp_c4e5b6fa31', usage=CompletionUsage(completion_tokens=54, prompt_tokens=572, total_tokens=626)) 
response.choices[0].message.content: {
  ""SUM_rubric_0"": 2.5,
  ""SUM_rubric_1"": 1.5,
  ""OR_rubric_1"": 0,
  ""OR_rubric_2"": 0
}",https://huggingface.co/datasets/nlpatunt/dataset_rubrics/raw/main/ReGrading_Dataset_2JC/hardness-test.html
681,hardness_test_0,What does hardness of a material mean (what is it measuring or what does it tell you about the material)? (Give at least one answer),5.0,"Hardness is the resistance of a material to local plastic deformation due to indentation loads. Even though it is material property (exists throughout the body) what we measure is this property at the surface of the sample, thus giving us a measure of wear or scratch resistance.",Hardness is a measure of a materials resistance to plastic deformation. Harder materials are more difficult to permanently deform.,4.0,"{'SUM_rubric_0': 2.5, 'SUM_rubric_1': 1.5, 'OR_rubric_1': 0, 'OR_rubric_2': 0}",4.0,"LLM response:
          
student_answer: Hardness is a measure of a materials resistance to plastic deformation. Harder materials are more difficult to permanently deform.
standard_answer: Hardness is the resistance of a material to local plastic deformation due to indentation loads. Even though it is material property (exists throughout the body) what we measure is this property at the surface of the sample, thus giving us a measure of wear or scratch resistance. 
rubrics_points_list: [['Attempted the problem to some extent even though missed many important points', 2.5], ['Did they mention that we measure plastic deformation? But missed details', 1.5]] 
question: What does hardness of a material mean (what is it measuring or what does it tell you about the material)? (Give at least one answer) 
rubrics_points_or_list: [[['Did they mention that localized or indentation loads?', 1], ['Instead of indentation did they mention scratch resistance or Fatigue resistance?', 0.75]]] 
response: ChatCompletion(id='chatcmpl-9lhfO0s2hnNK23fIApoCvTY38zAdH', choices=[Choice(finish_reason='stop', index=0, logprobs=None, message=ChatCompletionMessage(content='{\n  ""SUM_rubric_0"": 2.5,\n  ""SUM_rubric_1"": 1.5,\n  ""OR_rubric_1"": 0,\n  ""OR_rubric_2"": 0\n}', role='assistant', function_call=None, tool_calls=None))], created=1721156298, model='gpt-4o-2024-05-13', object='chat.completion', system_fingerprint='fp_c4e5b6fa31', usage=CompletionUsage(completion_tokens=54, prompt_tokens=533, total_tokens=587)) 
response.choices[0].message.content: {
  ""SUM_rubric_0"": 2.5,
  ""SUM_rubric_1"": 1.5,
  ""OR_rubric_1"": 0,
  ""OR_rubric_2"": 0
}",https://huggingface.co/datasets/nlpatunt/dataset_rubrics/raw/main/ReGrading_Dataset_2JC/hardness-test.html
