ID,question,desired_answer,student_answer,grade,comment,reasoning
317,What is the Euler tour traversal of a tree?,"A walk around the tree, starting with the root, where each node is seen three times: from the left, from below, from the right.",The Euler tour traverses through the tree in a rubber-band style shape.,1.0,,"PHASE 1 - DEDUCTIVE REASONING: The essay lacks completeness and accuracy, as it does not provide a clear explanation of the Euler tour or its significance in graph theory. The depth of reasoning is minimal, and the communication is unclear, with vague terminology like ""rubber-band style shape"" that does not effectively convey the concept. There is no evidence-based conclusion or supporting details.

PHASE 2 - ABDUCTIVE REASONING: This essay reveals a limited understanding of the Euler tour and its application in graph theory. The most likely level of mastery is very low, as the explanation is superficial and lacks critical details. Therefore, the best score that explains the observed quality is a 1.

SCORE: 1"
197,What is a queue?,"A data structure that can store elements, which has the property that the last item added will be the last to be removed (or first-in-first-out).","A queue is similar to an array, except that the data can only be accessed sequentially rather than at random. Unlike a stack, a queue follows FIFO. First in, First out.",2.0,,"PHASE 1 - DEDUCTIVE REASONING: The essay provides a basic definition of a queue and distinguishes it from an array and a stack, addressing completeness and accuracy. However, it lacks depth of reasoning, as it does not elaborate on the implications or applications of queues, nor does it provide evidence or examples to support its claims. Communication is clear but minimal.

PHASE 2 - ABDUCTIVE REASONING: The essay reveals a fundamental understanding of data structures but demonstrates a limited mastery of the topic. The lack of depth and supporting evidence suggests a basic level of comprehension rather than a thorough understanding. The most likely score that reflects this quality is a 2.

SCORE: 2"
387,What are the main advantages associated with object-oriented programming?,Abstraction and reusability.,"Existing classes can be reused, and program maintenance and verification are easier.",1.0,,"PHASE 1 - DEDUCTIVE REASONING: The essay lacks completeness and depth, providing only a brief statement without elaboration or supporting evidence. It does not clearly communicate a comprehensive understanding of the topic, nor does it meet the expectations for accuracy and reasoning.

PHASE 2 - ABDUCTIVE REASONING: This essay reveals a very limited understanding of the subject matter, suggesting a low level of mastery. The lack of detail and explanation indicates that the author may not fully grasp the implications of reusing classes in programming.

SCORE: 1"
256,What is the difference between a function prototype and a function definition?,"A function prototype includes the function signature, i.e., the name of the function, the return type, and the parameters' type. The function definition includes the actual body of the function.","The FUNCTION PROTOTYPE is where the programmer declares that he/she is using a function other than main( ). This is like declaring a variable, the programmer knows that he/she will be using in the future, but has yet to say where they are going to use it, or how. This is answers the question who, it gives the function a name and character. The function prototype, by common practice is placed at the beginning of the program after the #includes and before main( ). The FUNCTION DEFINITION is the guts of the function. This is where the programmer decides what the function is going to do and tells it how to do it. It takes whatever information it is given and performs the operations. It works sort of like the brain, the brain takes in input and based upon that input performs in some way producing an output. The function defintion is placed outside of main( ) and any other functions. A function is its own entity and should be thought of as such.",3.0,,"PHASE 1 - DEDUCTIVE REASONING: The essay demonstrates a basic understanding of function prototypes and definitions, but lacks completeness and accuracy in terminology (e.g., ""defintion"" is misspelled). The reasoning is somewhat clear, but the depth is limited, as it does not explore the implications or applications of function prototypes and definitions. Communication is generally clear, but there are minor grammatical issues that detract from the overall quality.

PHASE 2 - ABDUCTIVE REASONING: The essay reveals a foundational understanding of programming concepts, indicating a basic level of mastery. However, the errors and lack of depth suggest that the author may not fully grasp the broader context or significance of these concepts. The most likely score that reflects this observed quality is a 3, indicating a competent but not fully developed understanding.

SCORE: 3"
303,What is a binary tree?,A tree for which the maximum number of children per node is two.,"A set of zero or more nodes, partitioned into a root node and two possibly empty sets that are binary trees. Thus, each node in a binary tree has at most two children, the left child and the right child.",2.0,,"PHASE 1 - DEDUCTIVE REASONING: The essay provides a basic definition of a binary tree, addressing completeness and accuracy requirements. However, it lacks depth of reasoning, as it does not explore implications, examples, or applications of binary trees. The communication is clear but minimal, and there is no evidence-based conclusion or elaboration on the topic.

PHASE 2 - ABDUCTIVE REASONING: This essay reveals a fundamental understanding of binary trees but demonstrates a limited level of mastery due to its brevity and lack of depth. The most likely score that reflects this observed quality is a 2, as it meets basic criteria but fails to engage with the topic in a meaningful way.

SCORE: 2"
77,What is typically included in a class definition?,Data members (attributes) and member functions.,Information telling the compiler what data members and member functions belong to the class.,1.0,,"PHASE 1 - DEDUCTIVE REASONING: The essay lacks completeness and accuracy, as it does not provide a coherent explanation of the topic. The depth of reasoning is minimal, and the communication is unclear, failing to convey a comprehensive understanding of class structures in programming. There is no evidence-based conclusion presented.

PHASE 2 - ABDUCTIVE REASONING: This essay reveals a very limited understanding of the subject matter, suggesting a low level of mastery. The lack of detail and clarity indicates that the writer may not have a solid grasp of the concepts involved.

SCORE: 1"
402,What is the advantage of linked lists over arrays?,"Linked lists are dynamic structures, which allow for a variable number of elements to be stored.","They grow dynamically, unlike the fixed size array",1.0,,"PHASE 1 - DEDUCTIVE REASONING: The essay lacks completeness and accuracy, as it only presents a single statement without elaboration or supporting evidence. There is no depth of reasoning or clear communication, making it difficult to understand the context or significance of the claim about dynamic growth versus fixed-size arrays.

PHASE 2 - ABDUCTIVE REASONING: This essay reveals a very limited understanding of the topic, suggesting a low level of mastery. The lack of detail and explanation indicates that the author may not fully grasp the concepts being discussed.

SCORE: 1"
156,What does the sizeof operator return?,The size in bytes of its operand.,The sizeof operator returns the size of the operand.,1.0,,"PHASE 1 - DEDUCTIVE REASONING: The essay lacks completeness and depth, providing only a basic definition of the sizeof operator without any examples, context, or explanation of its significance. The communication is clear but minimal, and there is no evidence-based conclusion or reasoning presented.

PHASE 2 - ABDUCTIVE REASONING: This essay reveals a very basic understanding of the sizeof operator, indicating a low level of mastery. The lack of detail and context suggests that the writer may not fully grasp the concept or its applications.

SCORE: 1"
47,How are arrays passed to functions?,by reference.,Arrays are passed by reference.,1.0,,"PHASE 1 - DEDUCTIVE REASONING: The essay lacks completeness and accuracy, as it presents a single statement without any supporting evidence, explanation, or depth of reasoning. Clear communication standards are not met due to the brevity and lack of context, making it difficult to understand the implications of the statement.

PHASE 2 - ABDUCTIVE REASONING: This essay reveals a very limited understanding of the concept of arrays and their behavior in programming. The most likely level of mastery is very low, as the response does not demonstrate any elaboration or critical thinking about the topic.

SCORE: 1"
20,When does C++ create a default constructor?,"If no constructor is provided, the compiler provides one by default. If a constructor is defined for a class, the compiler does not create a default constructor.",When there are no arguments passed.,0.0,,"PHASE 1 - DEDUCTIVE REASONING: The essay lacks completeness and accuracy, as it does not provide a coherent argument or explanation. There is no depth of reasoning or clear communication, and it fails to present any evidence-based conclusions.

PHASE 2 - ABDUCTIVE REASONING: This essay reveals a fundamental misunderstanding of the topic, indicating a very low level of mastery. The absence of content suggests that the author may not grasp the subject matter at all.

SCORE: 0"
138,Briefly describe in one sentence how does merge sort work?,"It splits the original array into two, sorts each of the two halves, and then merges the sorted arrays.",Mergesort divides the array into smaller halves and then combines the sorted subarrays into one sorted array.,2.0,,"PHASE 1 - DEDUCTIVE REASONING: The essay lacks completeness and depth, providing only a basic description of the mergesort algorithm without elaborating on its significance, efficiency, or examples. The communication is clear but overly simplistic, and there is no evidence-based conclusion or analysis present.

PHASE 2 - ABDUCTIVE REASONING: This essay reveals a limited understanding of the mergesort algorithm, indicating a basic level of mastery. The most likely score that reflects the observed quality is a 2, as it demonstrates some knowledge but fails to meet the expectations for depth and completeness.

SCORE: 2"
26,Briefly describe the divide-and-conquer paradigm.,"Divide a problem into smaller subproblems, solve them recursively, and then combine the solutions into a solution for the original problem.",the divide and conquer paradigm is a recursive solution that keeps dividing the problem into halves until a base case is reached.,2.0,,"PHASE 1 - DEDUCTIVE REASONING: The essay lacks completeness and depth, as it only provides a basic definition of the divide and conquer paradigm without elaborating on its applications, advantages, or examples. The communication is clear but minimal, and there is no evidence-based conclusion or reasoning presented.

PHASE 2 - ABDUCTIVE REASONING: This essay reveals a limited understanding of the divide and conquer paradigm, indicating a basic level of mastery. The most likely score that reflects the observed quality is a 2, as it demonstrates some knowledge but lacks depth and comprehensive analysis.

SCORE: 2"
238,What is the main difference between a while and a do...while statement?,The block inside a do...while statement will execute at least once.,"The termination condition of a do...while statement is usually at the end of the loop so it will run at least once. As for the while statement, if the condition is false to begin with, then the loop will never run.",2.0,,"PHASE 1 - DEDUCTIVE REASONING: The essay provides a basic explanation of the do...while and while statements, demonstrating some completeness and accuracy. However, it lacks depth of reasoning and clear communication, as it does not elaborate on the implications or provide examples. The conclusions drawn are somewhat evidence-based but are minimal in scope.

PHASE 2 - ABDUCTIVE REASONING: This essay reveals a basic understanding of control flow in programming but lacks depth and clarity, indicating a foundational level of mastery. The most likely score that reflects the observed quality is a 2, as it shows some understanding but does not meet higher standards of completeness or depth.

SCORE: 2"
94,What is a queue?,A data structure that stores elements following the first in first out principle. The main operations in a queue are enqueue and dequeue.,A queue is a data structure where the first node in is the first node out.,1.0,,"PHASE 1 - DEDUCTIVE REASONING: The essay lacks completeness and depth, providing only a basic definition of a queue without elaboration or examples. It does not meet the standards for clear communication or evidence-based conclusions, as it fails to explain the significance or applications of queues in data structures.

PHASE 2 - ABDUCTIVE REASONING: This essay reveals a very basic understanding of the concept of a queue, indicating a low level of mastery. The lack of detail and context suggests that the writer may be at an introductory level of knowledge.

SCORE: 1"
12,What is a queue?,"A data structure that can store elements, which has the property that the last item added will be the last to be removed (or first-in-first-out).",A data structure that removes nodes from the head and adds nodes at the tail.,1.0,,"PHASE 1 - DEDUCTIVE REASONING: The essay lacks completeness and accuracy, as it only provides a partial definition of a data structure without elaborating on its characteristics, uses, or examples. The depth of reasoning is minimal, and the communication is unclear due to the lack of context and detail. There is no evidence-based conclusion or supporting information.

PHASE 2 - ABDUCTIVE REASONING: This essay reveals a very limited understanding of data structures, suggesting a low level of mastery. The most likely score that reflects the observed quality is a 1, as it presents a basic concept but fails to develop it meaningfully.

SCORE: 1"
10,What is the scope of global variables?,File scope.,The scope of global variables is at the file level.,1.0,,"PHASE 1 - DEDUCTIVE REASONING: The essay lacks completeness and depth, providing only a single statement without elaboration or supporting evidence. It does not meet the standards for clear communication, as it fails to explain the implications or context of the statement regarding global variables.

PHASE 2 - ABDUCTIVE REASONING: This essay reveals a very basic understanding of the concept of global variables, suggesting a low level of mastery. The lack of detail and explanation indicates that the writer may not fully grasp the topic or its significance.

SCORE: 1"
125,How are infix expressions evaluated by computers?,"First, they are converted into postfix form, followed by an evaluation of the postfix expression.",convert infix expressions to postfix expression and evaluate the postfix expression,1.0,,"PHASE 1 - DEDUCTIVE REASONING: The essay lacks completeness as it does not provide a clear explanation or examples of converting infix expressions to postfix expressions or evaluating them. The reasoning is superficial, with no depth or evidence-based conclusions presented. Communication is unclear, making it difficult to follow the thought process.

PHASE 2 - ABDUCTIVE REASONING: This essay reveals a limited understanding of the topic, as it fails to demonstrate the necessary steps or logic involved in the conversion and evaluation processes. The most likely level of mastery is very low, indicating a fundamental misunderstanding of the concepts.

SCORE: 1"
117,"What is the number of operations for insertion sort under a best-case scenario, and what is the best-case scenario?",N (the length of the array) operations achieved for a sorted array.,N number of times.  Where N equals the number of elements in the list.  Best-case scenario is that the elements in the list are already sorted.,1.0,,"PHASE 1 - DEDUCTIVE REASONING: The essay lacks completeness and clarity, as it does not provide a coherent argument or explanation regarding the sorting process. There is no depth of reasoning or evidence-based conclusions presented, making it difficult to assess the author's understanding of the topic.

PHASE 2 - ABDUCTIVE REASONING: The essay reveals a minimal understanding of sorting algorithms, suggesting a low level of mastery. The lack of detail and clarity indicates that the author may not fully grasp the concepts involved, leading to a score that reflects this limited understanding.

SCORE: 1"
114,What does a function signature include?,The name of the function and the types of the parameters.,the function's name and parameters,1.0,,"PHASE 1 - DEDUCTIVE REASONING: The essay lacks completeness and accuracy, as it only mentions ""the function's name and parameters"" without providing any explanation or context. There is no depth of reasoning or clear communication, and it fails to present evidence-based conclusions.

PHASE 2 - ABDUCTIVE REASONING: This essay reveals a very limited understanding of the topic, likely indicating a low level of mastery. The most appropriate score that reflects the observed quality is a 1, as it does not meet the basic requirements for a coherent response.

SCORE: 1"
155,What are the similarities between iteration and recursion?,They both involve repetition; they both have termination tests; they can both occur infinitely.,"Many problems can be solved by both iteration and recursion, and either may go into a condition of infinite execution if a termination test is omitted.",2.0,,"PHASE 1 - DEDUCTIVE REASONING: The essay lacks completeness and depth, as it only briefly mentions iteration and recursion without elaborating on their differences or providing examples. The communication is clear but minimal, and there is no evidence-based conclusion or analysis presented.

PHASE 2 - ABDUCTIVE REASONING: This essay reveals a basic understanding of the concepts of iteration and recursion but lacks depth and detail, indicating a lower level of mastery. The most likely score that reflects the observed quality is a 2, as it demonstrates some understanding but fails to meet the expectations for a more comprehensive response.

SCORE: 2"
83,What is a stack?,"A data structure that can store elements, which has the property that the last item added will be the first to be removed (or last-in-first-out)",An ADT that stores a set of elements in a particular order. The stack principles are LIFO. The last item inserted in the list is the first out.,2.0,,"PHASE 1 - DEDUCTIVE REASONING: The essay lacks completeness and depth, providing only a basic definition of an ADT and the LIFO principle without further explanation or examples. Communication is clear but minimal, and there is no evidence-based conclusion or elaboration on the implications of these concepts.

PHASE 2 - ABDUCTIVE REASONING: This essay reveals a fundamental understanding of data structures but lacks depth and comprehensive reasoning. The most likely level of mastery is basic, indicating a score of 2, as it demonstrates some knowledge but fails to meet the expectations for a more developed response.

SCORE: 2"
118,What is the advantage of linked lists over arrays?,"Linked lists are dynamic structures, which allow for a variable number of elements to be stored.","you can add as many nodes as you like without having to specify a list size, if an array gets too big you have to copy its entire contents to another larger array to get more room",1.0,,"PHASE 1 - DEDUCTIVE REASONING: The essay lacks completeness and accuracy, as it does not fully explain the concepts of nodes and arrays, nor does it provide depth in reasoning or clear communication. There is no evidence-based conclusion or supporting details to substantiate the claims made.

PHASE 2 - ABDUCTIVE REASONING: This essay reveals a limited understanding of data structures, particularly arrays and nodes. The most likely level of mastery is very low, as the response is vague and lacks critical details. 

SCORE: 1"
275,What is the scope of global variables?,File scope.,can be referenced by any function that follows their declarations or definitions in the source file,1.0,,"PHASE 1 - DEDUCTIVE REASONING: The essay lacks completeness and accuracy, as it does not provide a clear argument or explanation related to the prompt. The reasoning is superficial, and there is no evidence or examples to support any claims made. Communication is unclear and fragmented.

PHASE 2 - ABDUCTIVE REASONING: This essay reveals a limited understanding of the topic, suggesting a low level of mastery. The lack of depth and clarity indicates that the author may not fully grasp the concepts involved, leading to a score that reflects minimal engagement with the prompt.

SCORE: 1"
34,What is a binary search tree?,A binary tree that has the property that for any node the left child is smaller than the parent which in turn is smaller than the right child.,A binary tree with the data organized in a specific arangment,1.0,,"PHASE 1 - DEDUCTIVE REASONING: The essay lacks completeness and accuracy, as it does not provide a clear explanation of what a binary tree is or how the data is organized. There is insufficient depth of reasoning, and the communication is unclear, with a misspelling (""arangment"") that detracts from the overall quality. Additionally, there is no evidence-based conclusion or supporting details.

PHASE 2 - ABDUCTIVE REASONING: This essay reveals a limited understanding of binary trees, suggesting a low level of mastery in the subject. The lack of detail and clarity indicates that the writer may not fully grasp the concept or its applications. Therefore, the most appropriate score reflecting the observed quality is low.

SCORE: 1"
43,What is the alternative way to solve a problem that could be solved through recursive functions?,Through iteration.,you can also solve the problem iteratively,1.0,,"PHASE 1 - DEDUCTIVE REASONING: The essay lacks completeness and accuracy, as it does not provide a clear explanation or context for the problem being solved. There is insufficient depth of reasoning, and the communication is unclear, failing to meet the standards for evidence-based conclusions.

PHASE 2 - ABDUCTIVE REASONING: This essay reveals a limited understanding of the topic, suggesting a low level of mastery. The lack of detail and clarity indicates that the author may not fully grasp the iterative problem-solving process.

SCORE: 1"
31,What is the difference between a function prototype and a function definition?,"A function prototype includes the function signature, i.e., the name of the function, the return type, and the parameters' type. The function definition includes the actual body of the function.","A function definition is the code that defines the function placed in the {} brackets that determines that function's operation.  A function prototype shows the function's public interface without exposing implementation.  It shows name, return type and type of paramaters.",2.0,,"PHASE 1 - DEDUCTIVE REASONING: The essay provides a basic definition of a function and a function prototype, but it lacks completeness and depth. It does not explain the significance of these concepts or provide examples, which diminishes clarity and reasoning depth. The communication is somewhat clear, but the lack of detail and evidence-based conclusions limits its effectiveness.

PHASE 2 - ABDUCTIVE REASONING: This essay reveals a basic understanding of programming concepts but lacks depth and comprehensive mastery. The most likely level of mastery appears to be introductory, as the definitions provided are correct but superficial. Therefore, the score that best explains the observed quality is a 2.

SCORE: 2"
425,How can you implement a stack with a list?,"Keep the top of the stack pointing to the head of the linked list, so the push and pop operations will add or remove elements at the beginning of the list.",use a linked list and keep track of a pointer that points to the first item,1.0,,"PHASE 1 - DEDUCTIVE REASONING: The essay lacks completeness and accuracy, as it does not provide a comprehensive explanation of how to implement a linked list or the significance of the pointer. The depth of reasoning is minimal, with no clear communication of concepts or evidence-based conclusions.

PHASE 2 - ABDUCTIVE REASONING: This essay reveals a very basic understanding of linked lists, suggesting a low level of mastery. The most likely score that reflects the observed quality is a 1, as it demonstrates an attempt to address the prompt but fails to provide sufficient detail or clarity.

SCORE: 1"
209,What are the different ways to pass a pointer to a function?,"There are four ways: nonconstant pointer to constant data, nonconstant pointer to nonconstant data, constant pointer to constant data, constant pointer to nonconstant data.",Pass by reference with reference arguments. function(int &)  Pass by reference with pointer arguments. function(int *),1.0,,"PHASE 1 - DEDUCTIVE REASONING: The essay lacks completeness and accuracy, as it does not provide a coherent explanation or context for the concepts of pass by reference with reference arguments and pointer arguments. There is minimal depth of reasoning, and the communication is unclear, with no evidence-based conclusions presented.

PHASE 2 - ABDUCTIVE REASONING: This essay reveals a limited understanding of the topic, as it fails to elaborate on the implications or differences between the two methods of passing arguments. The most likely level of mastery is very low, suggesting a score of 1.

SCORE: 1"
133,How does the compiler handle inline functions?,It makes a copy of the function code in every place where a function call is made.,"Placing the qualifier inline before a function's return type in the function definition ""advises"" the compiler to generate a copy of the function's code in place to avoid a function call.",2.0,,"PHASE 1 - DEDUCTIVE REASONING: The essay presents a specific technical detail about function definitions, but it lacks completeness and depth. It does not provide sufficient context or explanation of the implications of placing the qualifier inline, nor does it address potential counterarguments or broader applications. The communication is clear but overly simplistic for a technical topic.

PHASE 2 - ABDUCTIVE REASONING: The essay reveals a basic understanding of function definitions but lacks depth and comprehensive reasoning. The most likely level of mastery is low, as it does not demonstrate a thorough grasp of the topic or its significance. The score that best explains the observed quality is a 2.

SCORE: 2"
166,What are the two different ways of specifying the length of an array?,"In the array declaration, or by using an initializer list.","Implicit, namely when you give it values, like {1,2,3,4,5,6,7,8,9}, at which the compiler will automatically give this a size. Static, during the declaration. ",1.0,,"PHASE 1 - DEDUCTIVE REASONING: The essay lacks completeness and clarity, providing only fragmented thoughts without a coherent argument or sufficient depth of reasoning. There is no clear communication of ideas, and the statements made are not supported by evidence or examples.

PHASE 2 - ABDUCTIVE REASONING: This essay reveals a limited understanding of the topic, likely indicating a low level of mastery. The disjointed nature of the content suggests that the writer may not fully grasp the concepts being discussed.

SCORE: 1"
248,What are the main operations associated with a stack?,push and pop,"Push, Pop, isEmpty, isFull  Maybe List to show all elements or an operation to count how many elements in the stack.",1.0,,"PHASE 1 - DEDUCTIVE REASONING: The essay lacks completeness and accuracy, as it does not provide a coherent argument or explanation regarding stack operations. There is minimal depth of reasoning, and the communication is unclear, with fragmented thoughts. Evidence-based conclusions are absent, as no examples or supporting details are provided.

PHASE 2 - ABDUCTIVE REASONING: This essay reveals a limited understanding of stack operations and their implementation. The most likely level of mastery is very low, as the response does not demonstrate a grasp of the topic or articulate any meaningful insights. The score that best explains the observed quality is a 1.

SCORE: 1"
57,"In one sentence, what is the main idea implemented by selection sort?","Taking one array element at a time, from left to right, it identifies the minimum from the remaining elements and swaps it with the current element.",the selection sort chooses the largest or smallest value in an unsorted list and creates a new list using the selection depending on how it is sorted.,1.0,,"PHASE 1 - DEDUCTIVE REASONING: The essay lacks completeness and accuracy, as it does not fully explain the selection sort algorithm or its process. The depth of reasoning is minimal, and the communication is unclear, with vague phrasing. There is no evidence-based conclusion or examples provided to support the explanation.

PHASE 2 - ABDUCTIVE REASONING: This essay reveals a limited understanding of the selection sort algorithm, indicating a basic level of mastery. The most likely score that reflects the observed quality is a 1, as it demonstrates some awareness of the topic but fails to provide a coherent or comprehensive explanation.

SCORE: 1"
443,What is the scope of global variables?,File scope.,"variables accessible anywhere in the program, as long as they are public.",1.0,,"PHASE 1 - DEDUCTIVE REASONING: The essay lacks completeness and accuracy, as it does not provide a clear argument or sufficient detail about the topic. The reasoning is superficial, and communication is unclear, failing to meet the standards for depth and clarity. There is no evidence-based conclusion presented.

PHASE 2 - ABDUCTIVE REASONING: This essay reveals a limited understanding of the subject matter, suggesting a low level of mastery. The lack of detail and clarity indicates that the writer may not fully grasp the concepts involved, leading to a score that reflects minimal engagement with the prompt.

SCORE: 1"
401,How many steps does it take to search a node in a binary search tree?,The height of the tree.,It is the same as the height of the tree.,0.0,,"PHASE 1 - DEDUCTIVE REASONING: The essay lacks completeness and accuracy, as it provides an incomplete thought without context or elaboration. There is no depth of reasoning or clear communication, and it fails to present any evidence-based conclusions.

PHASE 2 - ABDUCTIVE REASONING: This essay reveals a fundamental misunderstanding of the prompt, indicating a very low level of mastery in essay writing. The most likely score that explains the observed quality is a 0, as it does not meet any of the basic scoring criteria.

SCORE: 0"
91,What is the difference between an array that is declared as static and one that is not?,The static arrays are intialized only once when the function is called.,an array that is declared as static can only be used in the function that its being called in. Its a constant array. Static is another way of say const.,1.0,,"PHASE 1 - DEDUCTIVE REASONING: The essay lacks completeness and accuracy, as it incorrectly states that a static array can only be used in the function it is declared in, which is misleading. The depth of reasoning is minimal, and the communication is unclear, with grammatical errors and vague terminology. There is no evidence-based conclusion provided.

PHASE 2 - ABDUCTIVE REASONING: This essay reveals a limited understanding of static arrays in programming, indicating a low level of mastery. The most likely score that reflects the observed quality is a 1, as it demonstrates some awareness of the topic but fails to convey accurate information or reasoning.

SCORE: 1"
67,What is the stack operation corresponding to the enqueue operation in queues?,push,enqueue corresponds with push dequeue corresponds with pop,1.0,,"PHASE 1 - DEDUCTIVE REASONING: The essay lacks completeness and accuracy, as it only provides a brief statement without any explanation or context regarding the terms ""enqueue,"" ""dequeue,"" ""push,"" and ""pop."" There is no depth of reasoning or clear communication, and it fails to provide evidence-based conclusions.

PHASE 2 - ABDUCTIVE REASONING: This essay reveals a very limited understanding of data structures, specifically queues and stacks. The most likely level of mastery is very low, as the response does not demonstrate any comprehensive knowledge or reasoning about the concepts involved.

SCORE: 1"
25,"In one sentence, what is the main idea implemented by insertion sort?","Taking one array element at a time, from left to right, it inserts it in the right position among the already sorted elements on its left.",have a marker and sort everything to the left of the value for every new value when moving to the right.,1.0,,"PHASE 1 - DEDUCTIVE REASONING: The essay lacks completeness and clarity, as it does not provide a coherent argument or explanation of the process described. There is minimal depth of reasoning, and the communication is unclear, making it difficult to understand the intended message. Additionally, there is no evidence-based conclusion or support for the claims made.

PHASE 2 - ABDUCTIVE REASONING: This essay reveals a limited understanding of the topic, suggesting a low level of mastery in articulating ideas. The lack of structure and clarity indicates that the writer may not fully grasp the concepts necessary to convey their thoughts effectively.

SCORE: 1"
141,What is the stack operation corresponding to the enqueue operation in queues?,push,push,0.0,,"PHASE 1 - DEDUCTIVE REASONING: The essay is incomplete, consisting of only a single word, ""push."" It lacks any depth of reasoning, clear communication, and evidence-based conclusions, failing to meet the completeness and accuracy requirements.

PHASE 2 - ABDUCTIVE REASONING: This essay reveals a fundamental misunderstanding of the prompt, indicating a lack of mastery in essay writing. The most likely level of mastery is very low, as it does not demonstrate any coherent thought or structure.

SCORE: 0"
78,What is a pointer?,The address of a location in memory.,A data type that points to a specific memory address.,1.0,,"PHASE 1 - DEDUCTIVE REASONING: The essay lacks completeness and accuracy, as it only provides a vague definition of a data type without elaboration or context. There is no depth of reasoning or clear communication, and it fails to present evidence-based conclusions.

PHASE 2 - ABDUCTIVE REASONING: This essay reveals a very limited understanding of data types and their significance in programming. The most likely level of mastery is very low, as it does not demonstrate any comprehensive knowledge or critical thinking about the topic.

SCORE: 1"
441,What is the difference between a constructor and a function?,"A constructor is called whenever an object is created, whereas a function needs to be called explicitely. Constructors do not have return type, but functions have to indicate a return type.",constructors cannot return values,1.0,,"PHASE 1 - DEDUCTIVE REASONING: The essay lacks completeness and accuracy, as it presents an incomplete thought without elaboration or supporting evidence. There is no depth of reasoning or clear communication, and it fails to provide a comprehensive understanding of the topic.

PHASE 2 - ABDUCTIVE REASONING: This essay reveals a very limited understanding of the concept of constructors in programming. The most likely level of mastery is very low, as it does not demonstrate any reasoning or explanation beyond a single statement.

SCORE: 1"
321,What is a linked list?,A collection of elements that can be allocated dynamically.,"A series of ""Nodes"" structures with a value and a pointer that point to a similar ""Node"". Not quite an array, but still can carry a list of values. ",1.0,,"PHASE 1 - DEDUCTIVE REASONING: The essay lacks completeness and accuracy, as it does not provide a clear explanation of what ""Nodes"" are or how they function in detail. The depth of reasoning is minimal, with no examples or evidence to support the claims made. Communication is unclear, making it difficult for the reader to grasp the concept being discussed.

PHASE 2 - ABDUCTIVE REASONING: This essay reveals a limited understanding of data structures, particularly linked lists and nodes. The most likely level of mastery is very basic, indicating that the writer may have a rudimentary grasp of the topic but lacks the ability to articulate it effectively. The observed quality suggests a score of 1.

SCORE: 1"
40,What are the two main functions defined by a queue?,enqueue and dequeue,"Enqueue and dequeue, which add and remove elements from the queue",1.0,,"PHASE 1 - DEDUCTIVE REASONING:
The essay lacks completeness and accuracy, as it only briefly mentions enqueue and dequeue without providing any context, examples, or depth of reasoning. Communication is unclear due to the absence of a structured argument or explanation, and there is no evidence-based conclusion presented.

PHASE 2 - ABDUCTIVE REASONING:
This essay reveals a very limited understanding of the concepts of enqueue and dequeue, suggesting a low level of mastery. The most likely score that reflects the observed quality is a 1, as it minimally addresses the prompt but fails to meet the basic requirements for a coherent response.

SCORE: 1"
432,What are the different ways to pass a pointer to a function?,"There are four ways: nonconstant pointer to constant data, nonconstant pointer to nonconstant data, constant pointer to constant data, constant pointer to nonconstant data.",There are four way to pass pointer to a function 1. non constant pointer to non constant data 2.non constant pointer to  constant data. 3. constant pointer to non constant data. 4. constant pointer to  constant data.,1.0,,"PHASE 1 - DEDUCTIVE REASONING: The essay lacks completeness and accuracy, as it does not provide explanations or examples for the four ways to pass pointers to functions. The depth of reasoning is minimal, and the communication is unclear due to grammatical issues and lack of structure. There is no evidence-based conclusion or elaboration on the topic.

PHASE 2 - ABDUCTIVE REASONING: This essay reveals a basic understanding of pointers but demonstrates a low level of mastery due to its incomplete explanations and poor communication. The most likely score that reflects the observed quality is a 1, as it identifies the topic but fails to develop it meaningfully.

SCORE: 1"
330,What are the two different ways of specifying the length of an array?,"In the array declaration, or by using an initializer list.",either initializing the array with a specific length or initializing an array while declaring its contents.,1.0,,"PHASE 1 - DEDUCTIVE REASONING: The essay lacks completeness and accuracy, as it does not provide a clear explanation of the concepts of initializing an array or the implications of each method. The depth of reasoning is minimal, and communication is unclear, with no evidence-based conclusions presented.

PHASE 2 - ABDUCTIVE REASONING: This essay reveals a limited understanding of array initialization, suggesting a low level of mastery in the subject. The lack of detail and clarity indicates that the author may not fully grasp the topic, leading to a score that reflects this deficiency.

SCORE: 1"
424,What is the main advantage associated with function arguments that are passed by reference?,It avoids making copies of large data structures when calling functions.,Passing by reference can eliminate the pass-by-value overhead of copying large amounts of data.,2.0,,"PHASE 1 - DEDUCTIVE REASONING: The essay presents a clear statement about passing by reference and its benefits, but it lacks depth, supporting evidence, and a comprehensive explanation of the concept. The communication is straightforward but does not meet the completeness and accuracy requirements for a higher score.

PHASE 2 - ABDUCTIVE REASONING: This essay reveals a basic understanding of the topic but lacks depth and detail, indicating a limited mastery of the subject. The most likely score that reflects this observed quality is a 2, as it demonstrates some understanding but fails to fully articulate the implications or provide evidence.

SCORE: 2"
318,What is the difference between a constructor and a function?,"A constructor is called whenever an object is created, whereas a function needs to be called explicitely. Constructors do not have return type, but functions have to indicate a return type.",A constructor initialized values at the execution of its instantiation. It provides default values.,1.0,,"PHASE 1 - DEDUCTIVE REASONING: The essay lacks completeness and depth, as it only provides a brief statement about constructors without elaborating on their significance or functionality. The communication is unclear due to the vague phrasing, and there is no evidence or examples to support the claims made.

PHASE 2 - ABDUCTIVE REASONING: This essay reveals a limited understanding of the topic, suggesting a basic familiarity with constructors but not a mastery of the subject. The most likely level of mastery is low, as the response does not demonstrate a comprehensive grasp of the concepts involved.

SCORE: 1"
342,What is a function pointer?,The address of the location in memory where the function code resides.,"They are pointers that contain the addresses to functions, they can be passed and returned from functions, as well as stored in arrays and assigned to other function pointers.",1.0,,"PHASE 1 - DEDUCTIVE REASONING: The essay lacks completeness and depth, providing only a brief definition of function pointers without elaboration or examples. It does not meet the standards for clear communication, as it is overly technical and assumes prior knowledge without context. There is no evidence-based conclusion or exploration of implications.

PHASE 2 - ABDUCTIVE REASONING: This essay reveals a basic understanding of function pointers but lacks depth and clarity, indicating a low level of mastery. The most likely score that reflects the observed quality is a 1, as it presents some relevant information but fails to develop it meaningfully.

SCORE: 1"
169,How do you delete a node from a binary search tree?,"Find the node, then replace it with the leftmost node from its right subtree (or the rightmost node from its left subtree).",you cannot delete a node because that can cause a node to have more than 2 children,1.0,,"PHASE 1 - DEDUCTIVE REASONING: The essay lacks completeness and accuracy, as it does not provide a clear explanation of the concept of nodes and children in the context of data structures. The reasoning is superficial and does not demonstrate depth or clarity, nor does it provide evidence-based conclusions.

PHASE 2 - ABDUCTIVE REASONING: This essay reveals a limited understanding of data structures, particularly regarding the implications of deleting a node. The most likely level of mastery is very low, as the explanation is vague and does not address the complexities involved.

SCORE: 1"
80,What are the two different ways of specifying the length of an array?,"In the array declaration, or by using an initializer list.","define it as array[5] or array[1,2,3,4,5]",1.0,,"PHASE 1 - DEDUCTIVE REASONING: The essay lacks completeness and accuracy, as it does not provide a coherent definition or explanation of ""array"" and fails to meet the depth of reasoning expectations. Communication is unclear, and there is no evidence-based conclusion presented.

PHASE 2 - ABDUCTIVE REASONING: This essay reveals a fundamental misunderstanding of the concept of arrays, indicating a low level of mastery. The lack of clarity and depth suggests that the author may not have a solid grasp of the topic.

SCORE: 1"
76,What is the main advantage of a doubly-linked list over a basic linked list?,"All the deletion and insertion operations can be performed in constant time, including those operations performed before a given location in the list or at the end of the list.","Doubly-linked lists can traverse backwards, though they still cannot access data at any point in the list, it can be shorter to traverse backwards.",1.0,,"PHASE 1 - DEDUCTIVE REASONING: The essay lacks completeness and accuracy, as it incorrectly states that doubly-linked lists cannot access data at any point in the list; they can access data at any node. The depth of reasoning is minimal, and the communication is unclear due to the misleading statement. There is no evidence provided to support the claims made.

PHASE 2 - ABDUCTIVE REASONING: This essay reveals a limited understanding of data structures, particularly doubly-linked lists. The most likely level of mastery is low, as the fundamental properties of the data structure are misunderstood. The score that best explains the observed quality is a 1, reflecting significant gaps in knowledge and reasoning.

SCORE: 1"
245,How many constructors can be created for a class?,Unlimited number.,as many as the user decides to use.,1.0,,"PHASE 1 - DEDUCTIVE REASONING: The essay lacks completeness and accuracy, as it does not provide a clear argument or sufficient depth of reasoning. Communication is unclear, and there is no evidence-based conclusion presented.

PHASE 2 - ABDUCTIVE REASONING: This essay reveals a fundamental misunderstanding of the prompt, indicating a low level of mastery in essay writing. The lack of content suggests a score of 1, as it fails to meet basic expectations.

SCORE: 1"
383,What is the main disadvantage of a doubly-linked list over a basic linked list?,Extra space required to store the back pointers.,"Need more memory to store ""previous"" pointers.",1.0,,"PHASE 1 - DEDUCTIVE REASONING: The essay lacks completeness and accuracy, as it does not provide a coherent argument or sufficient detail regarding the topic of memory and pointers. The reasoning is superficial, with no clear communication or evidence-based conclusions presented.

PHASE 2 - ABDUCTIVE REASONING: This essay reveals a limited understanding of the subject matter, suggesting a low level of mastery. The lack of depth and clarity indicates that the author may not have a strong grasp of the concepts involved.

SCORE: 1"
154,Briefly describe in one sentence how does merge sort work?,"It splits the original array into two, sorts each of the two halves, and then merges the sorted arrays.",Merge sort continuously breaks an array in half then sorts the arrays as it concatenates them back together into one sorted array.,2.0,,"PHASE 1 - DEDUCTIVE REASONING: The essay provides a basic description of the merge sort algorithm but lacks completeness and depth. It does not explain the significance of the sorting process, the mechanism of how the merging works, or provide examples, which affects its accuracy and clarity. The communication is minimal and does not meet the standards for a comprehensive understanding of the topic.

PHASE 2 - ABDUCTIVE REASONING: This essay reveals a limited understanding of the merge sort algorithm, indicating a basic level of mastery. The lack of detail and explanation suggests that the writer may not fully grasp the complexities of the algorithm. Therefore, the most likely score that reflects the observed quality is a 2.

SCORE: 2"
291,What is the difference between a constructor and a function?,"A constructor is called whenever an object is created, whereas a function needs to be called explicitely. Constructors do not have return type, but functions have to indicate a return type.",A constructor does not return any date and has no return type.  Functions can return date or not return data can have a return type.,1.0,,"PHASE 1 - DEDUCTIVE REASONING: The essay lacks completeness and accuracy, as it does not clearly explain the concepts of constructors and functions, nor does it provide sufficient depth of reasoning. The communication is unclear, and there is no evidence-based conclusion presented.

PHASE 2 - ABDUCTIVE REASONING: This essay reveals a limited understanding of programming concepts, particularly regarding constructors and functions. The most likely level of mastery is very low, as the explanations provided are vague and do not demonstrate a clear grasp of the subject matter.

SCORE: 1"
74,What does a function signature include?,The name of the function and the types of the parameters.,"function name, and input paramaters",1.0,,"PHASE 1 - DEDUCTIVE REASONING: The essay lacks completeness and accuracy, as it does not provide a clear function name or input parameters. The reasoning is superficial, with no depth or clear communication of ideas. There is no evidence-based conclusion presented.

PHASE 2 - ABDUCTIVE REASONING: This essay reveals a fundamental misunderstanding of the prompt, indicating a low level of mastery in the subject matter. The most likely score that reflects the observed quality is a 1, as it fails to meet basic expectations.

SCORE: 1"
56,How do you delete a node from a binary search tree?,"Find the node, then replace it with the leftmost node from its right subtree (or the rightmost node from its left subtree).",you replace the node with the largest element of its left subtree or replace it with the smallest element of the right subtree.,1.0,,"PHASE 1 - DEDUCTIVE REASONING: The essay lacks completeness and accuracy, as it does not provide a full explanation of the process of replacing a node in a binary search tree. There is minimal depth of reasoning, and the communication is unclear, with no evidence-based conclusions or examples to support the statement.

PHASE 2 - ABDUCTIVE REASONING: This essay reveals a limited understanding of binary search tree operations, indicating a low level of mastery. The lack of detail and clarity suggests that the writer may not fully grasp the concepts involved.

SCORE: 1"
295,How are objects initialized when they are created?,By using constructors.,When the class is called by the Constructor,1.0,,"PHASE 1 - DEDUCTIVE REASONING: The essay lacks completeness and accuracy, as it does not provide a clear argument or sufficient detail to address the prompt. The reasoning is superficial, with minimal depth, and communication is unclear, making it difficult to follow. There is no evidence-based conclusion present.

PHASE 2 - ABDUCTIVE REASONING: This essay reveals a limited understanding of the topic, suggesting a low level of mastery in essay writing. The lack of clarity and depth indicates that the author may not fully grasp the subject matter or the expectations of the assignment.

SCORE: 1"
292,What is the main advantage associated with function arguments that are passed by reference?,It avoids making copies of large data structures when calling functions.,"It is often more efficient to pass references, rather than large objects, to functions. This allows the compiler to pass the address of the object while maintaining the syntax that would have been used to access the object.",2.0,,"PHASE 1 - DEDUCTIVE REASONING: The essay presents a clear and accurate statement about passing references versus large objects in programming, demonstrating an understanding of efficiency and compiler behavior. However, it lacks depth, as it does not provide examples or elaborate on the implications of this practice, nor does it fully address the completeness and clarity standards.

PHASE 2 - ABDUCTIVE REASONING: The essay reveals a basic understanding of programming concepts but indicates a limited mastery of the topic due to its brevity and lack of supporting evidence or examples. The most likely score that reflects this observed quality is a 2, as it shows some understanding but lacks depth and completeness.

SCORE: 2"
354,What is the main advantage associated with function arguments that are passed by reference?,It avoids making copies of large data structures when calling functions.,It elimitates the need to copy large amonts of data,1.0,,"PHASE 1 - DEDUCTIVE REASONING: The essay lacks completeness and accuracy, as it contains spelling errors (""elimitates"" should be ""eliminates"" and ""amonts"" should be ""amounts"") and does not provide a clear argument or supporting evidence. The depth of reasoning is minimal, and the communication is unclear due to these errors.

PHASE 2 - ABDUCTIVE REASONING: This essay reveals a limited understanding of the topic, likely indicating a low level of mastery in writing and reasoning. The most appropriate score that reflects the observed quality is a 1, as it demonstrates some attempt at addressing the prompt but fails significantly in execution.

SCORE: 1"
325,When does C++ create a default constructor?,"If no constructor is provided, the compiler provides one by default. If a constructor is defined for a class, the compiler does not create a default constructor.",when a class does not explicitly include a constructor,1.0,,"PHASE 1 - DEDUCTIVE REASONING: The essay lacks completeness and accuracy, as it does not provide a clear explanation or context regarding the topic of constructors in programming. There is insufficient depth of reasoning, and the communication is unclear, failing to meet the standards for evidence-based conclusions.

PHASE 2 - ABDUCTIVE REASONING: This essay reveals a limited understanding of the subject matter, indicating a low level of mastery. The lack of detail and clarity suggests that the author may not fully grasp the concept of constructors or their significance in programming.

SCORE: 1"
73,What is the main disadvantage of a doubly-linked list over a basic linked list?,Extra space required to store the back pointers.,"Each node requires an extra pointer (space requirements increased), Insertion or deletion of a node takes a longer (more pointer operations).",1.0,,"PHASE 1 - DEDUCTIVE REASONING: The essay lacks completeness and accuracy, as it does not provide a clear explanation of the concepts related to nodes, pointers, and their operations. The depth of reasoning is minimal, and communication is unclear, with no evidence-based conclusions presented.

PHASE 2 - ABDUCTIVE REASONING: This essay reveals a limited understanding of data structures and their operations. The most likely level of mastery is very low, as the response does not adequately address the prompt or demonstrate critical thinking.

SCORE: 1"
16,What is the main advantage of linked lists over arrays?,The linked lists can be of variable length.,The size of array is restricted to declaration. Insertion/Deletion of values in middle of array is not possible.,1.0,,"PHASE 1 - DEDUCTIVE REASONING: The essay lacks completeness and accuracy, as it only presents two statements about arrays without elaboration or examples. The depth of reasoning is minimal, and the communication is unclear due to the lack of context and explanation. There is no evidence-based conclusion or supporting details provided.

PHASE 2 - ABDUCTIVE REASONING: This essay reveals a basic understanding of arrays but demonstrates a limited mastery of the topic. The lack of detail and clarity suggests a foundational level of knowledge rather than a comprehensive understanding. The most likely score that reflects this observed quality is a 1.

SCORE: 1"
267,What is the role of a prototype program in problem solving?,To simulate the behaviour of portions of the desired software product.,it simulates the behavior of portions of the desired software product,1.0,,"PHASE 1 - DEDUCTIVE REASONING: The essay lacks completeness and accuracy, as it only presents a fragment of an idea without elaboration or context. There is no depth of reasoning or clear communication, and it fails to provide evidence-based conclusions.

PHASE 2 - ABDUCTIVE REASONING: This essay reveals a very limited understanding of the topic, suggesting a low level of mastery. The lack of detail and clarity indicates that the author may not have a strong grasp of the subject matter.

SCORE: 1"
205,Briefly describe the divide-and-conquer paradigm.,"Divide a problem into smaller subproblems, solve them recursively, and then combine the solutions into a solution for the original problem.","The divide-and-conquer paradigm divides the problem into two pieces and works on each piece separately, allowing for a faster approach to 2 separate smaller problems. ",1.0,,"PHASE 1 - DEDUCTIVE REASONING: The essay lacks completeness and depth, providing only a basic definition of the divide-and-conquer paradigm without elaborating on its applications or implications. Communication is clear, but the reasoning is superficial and does not meet the expectations for depth or evidence-based conclusions.

PHASE 2 - ABDUCTIVE REASONING: This essay reveals a limited understanding of the divide-and-conquer paradigm, suggesting a basic familiarity rather than mastery. The most likely level of mastery is low, as the response does not demonstrate critical thinking or comprehensive knowledge of the topic.

SCORE: 1"
302,What is the difference between a data member and a local variable inside a member function?,Data members can be accessed from any member functions inside the class defintion. Local variables can only be accessed inside the member function that defines them.,A data member exists permanently in that program's memory as long as it's run.  A local variable inside a member function is temporal and only used to operate in the function and exists as long as the function is run.,2.0,,"PHASE 1 - DEDUCTIVE REASONING: The essay provides a basic definition of data members and local variables, but it lacks completeness and depth. It does not explain the implications or applications of these concepts, nor does it provide evidence or examples to support the claims made. The communication is clear but overly simplistic.

PHASE 2 - ABDUCTIVE REASONING: This essay reveals a fundamental understanding of the concepts of data members and local variables, but it indicates a limited mastery of the topic. The lack of depth and supporting evidence suggests a basic level of comprehension rather than an advanced understanding.

SCORE: 2"
412,What is a binary search tree?,A binary tree that has the property that for any node the left child is smaller than the parent which in turn is smaller than the right child.,it is similar to a binary tree.  The keys in a nonempty left subtree (right subtree) are smaller (larger) than the key in the root of subtree.  the values in all nodes in the left subtree of a node are less than             the node value  the values in all nodes in the right subtree of a node are greater    than the node values,1.0,,"PHASE 1 - DEDUCTIVE REASONING: The essay lacks completeness and accuracy, as it does not fully explain the concept of a binary tree and contains grammatical errors that hinder clear communication. The reasoning is superficial, with no depth or evidence-based conclusions provided.

PHASE 2 - ABDUCTIVE REASONING: This essay reveals a basic understanding of binary trees but demonstrates a limited mastery of the topic. The errors and lack of detail suggest a foundational knowledge rather than an advanced comprehension.

SCORE: 1"
288,What is the main advantage of a doubly-linked list over a basic linked list?,"All the deletion and insertion operations can be performed in constant time, including those operations performed before a given location in the list or at the end of the list.",Gives faster times for some operations such as insertion and deletion,1.0,,"PHASE 1 - DEDUCTIVE REASONING: The essay lacks completeness and accuracy, as it only provides a vague statement about faster times for operations without elaborating on the context or providing evidence. There is no depth of reasoning or clear communication, and it fails to draw evidence-based conclusions.

PHASE 2 - ABDUCTIVE REASONING: This essay reveals a limited understanding of the topic, likely indicating a low level of mastery. The lack of detail and clarity suggests that the author may not fully grasp the implications of their statement regarding insertion and deletion times.

SCORE: 1"
450,How do you delete a node from a binary search tree?,"Find the node, then replace it with the leftmost node from its right subtree (or the rightmost node from its left subtree).","if it has no children, you just delete it. if it only has one child, just replace the node with whichever child it has. if it has both children, replace it with one of its children, and send the other child down along the other side of the new node.",1.0,,"PHASE 1 - DEDUCTIVE REASONING: The essay lacks completeness and accuracy, as it does not provide a clear explanation of the context or the process being described. The reasoning is superficial, with minimal depth and no evidence-based conclusions. Communication is unclear, making it difficult to understand the intended message.

PHASE 2 - ABDUCTIVE REASONING: This essay reveals a limited understanding of the topic, likely indicating a low level of mastery. The lack of clarity and depth suggests that the author may not fully grasp the concepts involved, leading to a score that reflects these deficiencies.

SCORE: 1"
446,What is the difference between a circular linked list and a basic linked list?,The last element in a circular linked list points to the head of the list.,"In a circular linked list, the last node points to the first node.",2.0,,"PHASE 1 - DEDUCTIVE REASONING: The essay provides a correct statement about a circular linked list, demonstrating accuracy. However, it lacks completeness, depth of reasoning, and clear communication, as it does not explain the concept further or provide examples. The evidence-based conclusion is minimal, as it does not elaborate on the implications or applications of this structure.

PHASE 2 - ABDUCTIVE REASONING: This essay reveals a basic understanding of circular linked lists but lacks depth and context, indicating a low level of mastery. The most likely score that reflects the observed quality is a 2, as it presents a correct fact but fails to develop the idea further.

SCORE: 2"
247,How many steps does it take to search a node in a binary search tree?,The height of the tree.,"it takes at most h steps, where h is the height of the tree.",1.0,,"PHASE 1 - DEDUCTIVE REASONING: The essay lacks completeness and clarity, providing only a brief statement without supporting evidence or depth of reasoning. It does not adequately explain the concept of tree height or the implications of ""h steps,"" failing to meet communication standards.

PHASE 2 - ABDUCTIVE REASONING: This essay reveals a limited understanding of the topic, suggesting a basic grasp of the concept but lacking the necessary detail and explanation to demonstrate mastery. The most likely level of mastery is low, indicating a score of 1.

SCORE: 1"
102,What is the difference between a data member and a local variable inside a member function?,Data members can be accessed from any member functions inside the class defintion. Local variables can only be accessed inside the member function that defines them.,A local variable can only be accessed within the scope of its declaration.,2.0,,"PHASE 1 - DEDUCTIVE REASONING: The essay provides a clear and accurate statement regarding local variables, demonstrating completeness in addressing the prompt. However, it lacks depth of reasoning and supporting evidence, as it does not elaborate on the implications or examples of local variable scope.

PHASE 2 - ABDUCTIVE REASONING: The essay reveals a basic understanding of the concept of local variables but indicates a limited mastery of the topic due to the absence of detailed explanation or examples. The most likely score that reflects this observed quality is a 2, as it shows foundational knowledge but lacks depth.

SCORE: 2"
413,"In one sentence, what is the main idea implemented by insertion sort?","Taking one array element at a time, from left to right, it inserts it in the right position among the already sorted elements on its left.",Looking at the 2nd element move forward and place the element in the correct spot.,1.0,,"PHASE 1 - DEDUCTIVE REASONING: The essay lacks completeness and accuracy, as it does not provide sufficient context or detail about the ""2nd element"" or the process of placing it in the correct spot. The reasoning is superficial, and there is no clear communication or evidence-based conclusions presented.

PHASE 2 - ABDUCTIVE REASONING: This essay reveals a limited understanding of the topic, likely indicating a low level of mastery. The lack of detail and clarity suggests that the writer may not fully grasp the concepts involved, leading to the conclusion that the observed quality is poor.

SCORE: 1"
1,What is a queue?,"A data structure that can store elements, which has the property that the last item added will be the last to be removed (or first-in-first-out).",a queue is a list of things that follows the first in first out behavior,1.0,,"PHASE 1 - DEDUCTIVE REASONING: The essay lacks completeness and accuracy, as it provides a very basic definition of a queue without elaboration or examples. The depth of reasoning is minimal, and the communication is unclear due to the lack of context or explanation. There is no evidence-based conclusion or supporting details.

PHASE 2 - ABDUCTIVE REASONING: This essay reveals a very limited understanding of the concept of a queue, suggesting a low level of mastery. The most likely score that reflects the observed quality is a 1, as it presents a definition but fails to meet the expectations for clarity and depth.

SCORE: 1"
58,What is a stack?,"A data structure that can store elements, which has the property that the last item added will be the first to be removed (or last-in-first-out)","a data type that stores a set of elements in a certain order, last in, first out.",1.0,,"PHASE 1 - DEDUCTIVE REASONING: The essay lacks completeness and accuracy, as it only provides a brief definition without elaboration or context. There is minimal depth of reasoning, and the communication is unclear due to the lack of supporting evidence or examples.

PHASE 2 - ABDUCTIVE REASONING: This essay reveals a very basic understanding of the topic, likely indicating a low level of mastery. The most likely score that reflects the observed quality is a 1, as it fails to meet the expectations for a comprehensive response.

SCORE: 1"
254,Where do C++ programs begin to execute?,At the main function.,C++ programs begin execution at the main function.,2.0,,"PHASE 1 - DEDUCTIVE REASONING: The essay provides a complete and accurate statement about C++ program execution, but it lacks depth and elaboration on the significance of the main function or additional context. Communication is clear, but the reasoning is minimal and does not provide evidence or examples to support the claim.

PHASE 2 - ABDUCTIVE REASONING: This essay reveals a basic understanding of C++ program structure, indicating a foundational level of mastery. However, the lack of depth and supporting details suggests that the writer has not fully grasped the broader implications or complexities of the topic.

SCORE: 2"
79,What is the role of a header-file?,"To store a class interface, including data members and member function prototypes.",Header files have reusable source code in a file that a programer can use.,1.0,,"PHASE 1 - DEDUCTIVE REASONING: The essay lacks completeness and depth, providing only a basic definition of header files without elaboration or examples. It does not meet the standards for clear communication or evidence-based conclusions, as it fails to explain the significance or application of header files in programming.

PHASE 2 - ABDUCTIVE REASONING: This essay reveals a limited understanding of the topic, suggesting a basic familiarity with header files but not a mastery of their use or importance in programming. The most likely level of mastery is low, indicating a score of 1.

SCORE: 1"
394,What are the main advantages associated with object-oriented programming?,Abstraction and reusability.,Encapsulation - Objects use operations without knowing how the operation works. Inheritance - cuts redundancy by reusing earlier classes. Polymorphism - objects select the correct operation to use in the situation.,2.0,,"PHASE 1 - DEDUCTIVE REASONING: The essay lacks completeness and depth, providing only brief definitions of encapsulation, inheritance, and polymorphism without elaboration or examples. Communication is clear but minimal, and there is no evidence-based conclusion or application of concepts.

PHASE 2 - ABDUCTIVE REASONING: This essay reveals a basic understanding of object-oriented programming concepts but lacks depth and detail, indicating a foundational level of mastery. The most likely score that reflects the observed quality is a 2, as it demonstrates some knowledge but fails to meet the expectations for a more comprehensive response.

SCORE: 2"
263,What is the main difference between a string of characters that is read into a variable of type string versus a variable of type char[]?,The char[] will automatically add a null \0 character at the end of the string.,"An array of strings reads the string literals, meaning anything within ""quotes"". A char array reads a string as each individual character.",1.0,,"PHASE 1 - DEDUCTIVE REASONING: The essay lacks completeness and accuracy, as it does not provide a comprehensive explanation of string literals or char arrays. The depth of reasoning is minimal, with no examples or elaboration on the concepts presented. Communication is unclear, and there is no evidence-based conclusion drawn from the statements made.

PHASE 2 - ABDUCTIVE REASONING: The essay reveals a basic understanding of string literals and char arrays but lacks depth and clarity, indicating a low level of mastery. The most likely score that reflects the observed quality is a 1, as it shows some awareness of the topic but fails to meet the necessary standards for a higher score.

SCORE: 1"
276,What is the inorder traversal of a binary tree?,"Traverse the left subtree, then the root, then the right subtree.",Its used to visit nodes of a binary search tree in a search key order.,1.0,,"PHASE 1 - DEDUCTIVE REASONING: The essay lacks completeness and accuracy, as it does not provide a clear explanation of how nodes are visited in a binary search tree or what ""search key order"" entails. There is minimal depth of reasoning, and the communication is unclear and vague. Additionally, there is no evidence-based conclusion or supporting details.

PHASE 2 - ABDUCTIVE REASONING: This essay reveals a limited understanding of binary search trees and their traversal methods. The most likely level of mastery is very low, as the response does not demonstrate a grasp of the topic. The score that best explains the observed quality is a 1, indicating a significant lack of clarity and detail.

SCORE: 1"
297,"What is the difference between an array declared as static, and one that is not?","The arrays declared as static live throughout the life of the program; that is, they are initialized only once, when the function that declares the array it is first called.","A static array has a set size that cannot change. The data may not need all of the space assigned, or could go beyond the size.",1.0,,"PHASE 1 - DEDUCTIVE REASONING: The essay lacks completeness and depth, as it only briefly mentions the characteristics of a static array without providing examples or exploring implications. The communication is clear but minimal, and there is no evidence-based conclusion or analysis presented.

PHASE 2 - ABDUCTIVE REASONING: This essay reveals a basic understanding of static arrays but lacks depth and comprehensive reasoning. The most likely level of mastery is low, as it does not demonstrate a thorough grasp of the topic or its applications.

SCORE: 1"
355,What is the main difference between strings declared using the type string versus strings declared using an array of characters?,The strings declared using an array of characters have a null element added at the end of the array.,string declared used in an array of characters contains each character in the array and a special string-termination character called the null character versus the type string.,1.0,,"PHASE 1 - DEDUCTIVE REASONING: The essay lacks completeness and clarity, as it does not fully explain the concept of strings and their relationship to arrays. The reasoning is superficial, with minimal depth and no clear communication of ideas. There is no evidence-based conclusion or supporting details provided.

PHASE 2 - ABDUCTIVE REASONING: This essay reveals a limited understanding of the topic, suggesting a basic or introductory level of mastery. The lack of detail and clarity indicates that the writer may not have a strong grasp of the subject matter.

SCORE: 1"
186,What is the difference between a constructor and a function?,"A constructor is called whenever an object is created, whereas a function needs to be called explicitely. Constructors do not have return type, but functions have to indicate a return type.",constructor creates the class object into memory where functions perform actions against that object,1.0,,"PHASE 1 - DEDUCTIVE REASONING: The essay lacks completeness and accuracy, as it does not provide a clear explanation of the constructor's role or the significance of creating a class object in memory. The depth of reasoning is minimal, and communication is unclear, with no evidence-based conclusions presented.

PHASE 2 - ABDUCTIVE REASONING: This essay reveals a limited understanding of object-oriented programming concepts, suggesting a low level of mastery. The most likely score that reflects the observed quality is a 1, as it indicates some awareness of the topic but fails to articulate it effectively.

SCORE: 1"
281,What operations would you need to perform to find a given element on a stack?,"Pop all the elements and store them on another stack until the element is found, then push back all the elements on the original stack.","Pop each item off the top until you find what you are looking for. If the stack ends up empty and you never found the item, then it does not exist in the stack. It may also be necessary to save the popped values in case you want to recreate the stack.",2.0,,"PHASE 1 - DEDUCTIVE REASONING: The essay provides a basic explanation of a stack data structure and the process of searching for an item. However, it lacks completeness, as it does not define key terms or provide examples. The reasoning is superficial, and the communication is unclear, with no evidence-based conclusions drawn.

PHASE 2 - ABDUCTIVE REASONING: This essay reveals a limited understanding of stack operations and lacks depth in explanation. The most likely level of mastery is low, as it does not demonstrate a comprehensive grasp of the topic. Therefore, the best score that explains the observed quality is a 2.

SCORE: 2"
447,What is a linked list?,A collection of elements that can be allocated dynamically.,A link list is a data structure which is built from structures and pointers. It forms a chain of nodes with pointers representing the links of the chain and holding the entire thing together,2.0,,"PHASE 1 - DEDUCTIVE REASONING: The essay provides a basic definition of a linked list, addressing completeness and accuracy requirements. However, it lacks depth of reasoning, as it does not explain how linked lists function or their applications. Communication is clear, but the evidence-based conclusions are minimal.

PHASE 2 - ABDUCTIVE REASONING: This essay reveals a fundamental understanding of linked lists but lacks depth and detail, indicating a basic level of mastery. The most likely score that reflects this observed quality is a 2, as it meets some criteria but falls short in others.

SCORE: 2"
305,What is the main disadvantage of a doubly-linked list over a basic linked list?,Extra space required to store the back pointers.,"There are more pointers to set, the mechanics of inserting into and deleting from a doubly linked list are a bit more involved than for a singly linked list.",1.0,,"PHASE 1 - DEDUCTIVE REASONING: The essay lacks completeness and accuracy, as it does not provide a clear explanation of the differences between doubly linked lists and singly linked lists. The depth of reasoning is minimal, with no elaboration on the mechanics mentioned. Communication is unclear, and there is no evidence-based conclusion presented.

PHASE 2 - ABDUCTIVE REASONING: This essay reveals a limited understanding of data structures, specifically linked lists. The most likely level of mastery is very basic, indicating that the writer may have a superficial grasp of the topic without deeper insights or examples. 

SCORE: 1"
221,What is the main advantage of linked lists over arrays?,The linked lists can be of variable length.,Does not have a fixed size. Linked list is able to grow as needed. The time to access an array bases list takes a contant amount of time where as an linked-base like depends on 'i',1.0,,"PHASE 1 - DEDUCTIVE REASONING: The essay lacks completeness and accuracy, as it does not fully explain the differences between linked lists and arrays. The reasoning is superficial, with unclear communication and several grammatical errors. There is no evidence-based conclusion or depth of analysis present.

PHASE 2 - ABDUCTIVE REASONING: This essay reveals a limited understanding of data structures, indicating a low level of mastery. The most likely score that reflects the observed quality is a 1, as it demonstrates minimal effort and understanding.

SCORE: 1"
71,What is a stack?,"A data structure that can store elements, which has the property that the last item added will be the first to be removed (or last-in-first-out)","an object list that stores elements in a particular order, the first object inserted is at the bottom with the last object at the top so the first object in is the last object out.",1.0,,"PHASE 1 - DEDUCTIVE REASONING: The essay lacks completeness and accuracy, as it does not clearly define the concept of a stack or provide sufficient detail about its properties and applications. The reasoning is superficial, and the communication is unclear, failing to meet the standards for depth and clarity. There is no evidence-based conclusion or examples provided.

PHASE 2 - ABDUCTIVE REASONING: This essay reveals a limited understanding of data structures, specifically stacks. The most likely level of mastery is very low, as the explanation is vague and lacks critical details. The score that best explains the observed quality is a 1, indicating minimal comprehension.

SCORE: 1"
421,What does the sizeof operator return?,The size in bytes of its operand.,It returns the size of an array in bytes.,1.0,,"PHASE 1 - DEDUCTIVE REASONING: The essay lacks completeness and accuracy, as it only provides a brief statement without elaboration or context. There is no depth of reasoning or clear communication, and it fails to present evidence-based conclusions regarding the topic.

PHASE 2 - ABDUCTIVE REASONING: This essay reveals a minimal understanding of the subject matter, indicating a very basic level of mastery. The lack of detail and explanation suggests that the author may not fully grasp the concept being discussed.

SCORE: 1"
194,What are the similarities between iteration and recursion?,They both involve repetition; they both have termination tests; they can both occur infinitely.,"they are both based on a control statement, both involve repetition, both involve a termination case, both graduatlly approach that termination case, and both can occur infinitely",1.0,,"PHASE 1 - DEDUCTIVE REASONING: The essay lacks completeness and clarity, as it does not provide a clear thesis or context for the statements made. The reasoning is superficial, with minimal depth and no supporting evidence to substantiate the claims. Communication is unclear due to grammatical errors and vague references.

PHASE 2 - ABDUCTIVE REASONING: This essay reveals a limited understanding of the topic, suggesting a basic or introductory level of mastery. The lack of detail and clarity indicates that the author may not have fully grasped the concepts being discussed.

SCORE: 1"
239,What is the difference between a circular linked list and a basic linked list?,The last element in a circular linked list points to the head of the list.,"The difference between a circular linked list and a basic linked list is that a circular linked list, the last node references the first node. Every node in a circular linked list has a successor and no node in a circular linked list contains NULL.",2.0,,"PHASE 1 - DEDUCTIVE REASONING: The essay provides a basic definition of a circular linked list compared to a basic linked list, addressing completeness and accuracy requirements. However, it lacks depth of reasoning, as it does not explain the implications or applications of these structures, nor does it communicate clearly with sufficient detail. The evidence-based conclusions are minimal, as the explanation does not include examples or further elaboration.

PHASE 2 - ABDUCTIVE REASONING: This essay reveals a fundamental understanding of the difference between circular and basic linked lists, indicating a basic level of mastery. However, the lack of depth and clarity suggests that the author may not fully grasp the broader context or significance of these data structures. The most likely score that reflects this observed quality is a 2.

SCORE: 2"
451,What is the main difference between a while and a do...while statement?,The block inside a do...while statement will execute at least once.,do...while statements evaluate whether or not to loop after running the block contained within it at least once. So the main differance is that while statements have a possibility of never being used. Do ... while statements on the other hand are always run at least once before evaluating whether to run again.,2.0,,"PHASE 1 - DEDUCTIVE REASONING: The essay provides a basic explanation of the difference between ""do...while"" and ""while"" statements, addressing completeness and accuracy requirements. However, it contains a spelling error (""differance"" instead of ""difference"") and lacks depth in reasoning, as it does not explore practical applications or examples. The communication is somewhat clear but could be improved for better understanding.

PHASE 2 - ABDUCTIVE REASONING: The essay reveals a basic understanding of control flow in programming but lacks depth and clarity. The most likely level of mastery is beginner, as the explanation is simplistic and contains errors. The score that best explains the observed quality is a 2, reflecting limited understanding and communication.

SCORE: 2"
400,What is the difference between a data member and a local variable inside a member function?,Data members can be accessed from any member functions inside the class defintion. Local variables can only be accessed inside the member function that defines them.,"A data member is accessible anywhere in the class, while i local variable in a member function is only accessible in that particular function, and is freed after the function exits.",2.0,,"PHASE 1 - DEDUCTIVE REASONING: The essay provides a basic comparison between data members and local variables, addressing completeness and accuracy requirements. However, it lacks depth of reasoning, clear communication, and evidence-based conclusions, as it does not elaborate on the implications or provide examples.

PHASE 2 - ABDUCTIVE REASONING: The essay reveals a fundamental understanding of the topic but demonstrates limited mastery, as it does not explore the concepts in depth or clarify their significance. The most likely score that reflects this observed quality is a 2.

SCORE: 2"
23,How are linked lists passed as arguments to a function?,By reference.,"The linked list object contains the head, through which the other elements are accessible.",1.0,,"PHASE 1 - DEDUCTIVE REASONING: The essay lacks completeness and depth, providing only a basic definition of a linked list without elaborating on its structure, functionality, or applications. The communication is clear, but the reasoning is superficial and does not meet the expectations for a comprehensive understanding of the topic.

PHASE 2 - ABDUCTIVE REASONING: This essay reveals a limited understanding of linked lists, suggesting a basic familiarity with the concept but not a mastery of its complexities. The most likely level of mastery is low, as it does not demonstrate a thorough exploration of the topic.

SCORE: 1"
230,What is the main difference between strings declared using the type string versus strings declared using an array of characters?,The strings declared using an array of characters have a null element added at the end of the array.,array of characters can only hold as many characters as the array size and strings are not that limited.,1.0,,"PHASE 1 - DEDUCTIVE REASONING: The essay lacks completeness and accuracy, as it does not provide a clear explanation of the concepts of arrays and strings. The reasoning is superficial, with no depth or supporting evidence, and the communication is unclear and fragmented.

PHASE 2 - ABDUCTIVE REASONING: This essay reveals a limited understanding of programming concepts, suggesting a low level of mastery. The lack of clarity and depth indicates that the writer may not fully grasp the differences between arrays and strings.

SCORE: 1"
18,Where do C++ programs begin to execute?,At the main function.,In the main() function.,0.0,,"PHASE 1 - DEDUCTIVE REASONING: The essay lacks completeness and accuracy, as it only states ""In the main() function"" without providing any context, explanation, or depth of reasoning. There is no clear communication or evidence-based conclusions presented.

PHASE 2 - ABDUCTIVE REASONING: This essay reveals a very limited understanding of the topic, likely indicating a low level of mastery. The absence of elaboration or supporting details suggests a score of 0 is most appropriate.

SCORE: 0"
430,"When defining a recursive function, what are possible causes for infinite recursion?","If the recursion step is defined incorrectly, or if the base case is not included.","Either omitting the base case, or writing the recursion step incorrectly so that it does not converge on the base case",1.0,,"PHASE 1 - DEDUCTIVE REASONING: The essay lacks completeness and accuracy as it only mentions issues related to recursion without providing a comprehensive explanation or examples. The depth of reasoning is minimal, and the communication is unclear, failing to convey a coherent understanding of the topic. There is no evidence-based conclusion presented.

PHASE 2 - ABDUCTIVE REASONING: This essay reveals a limited understanding of recursion and its components, suggesting a low level of mastery. The most likely score that reflects the observed quality, given the lack of clarity and depth, is a 1.

SCORE: 1"
