sis_id,Prompt,student_response,Score,Fixed mass of one element,Mass data in LoMP,Combine to form compounds,Integer/whole number ratio,Whole numbers mean indivisible/discrete,Indivisible unit of mass = atom,incorrect/misleading statement,incorrect/missing answer,Adjustment,Comments,question_id
39b22844-7fc9-4bb4-829a-3276cef39f46,"431982: How did the Law of Multiple Proportions lead to the conclusion that matter is made of atoms?Ã‚Â 
This question can be reasonably answered in around 75 words or fewer.","When two elements combine to make different compounds, the masses of one element combined with a fixed mass form simple integer ratios. Fixing the mass of one element across different compounds reveals that because they form simple integer ratios we must be counting something. That something is atoms.",6.0,,,,,,,,,,,Q4
91ade2eb-b9e0-4d5f-b468-a770303f597e,"431982: How did the Law of Multiple Proportions lead to the conclusion that matter is made of atoms?Ã‚Â 
This question can be reasonably answered in around 75 words or fewer.","The law of multiple proportions states that when two elements combine to form more than one compound, the masses of one element that combine with a fixed mass of the other element are in simple integer ratio. We can conclude from the law that all elements are made up of fixed units of mass, and we can call these particles atoms.",6.0,,,,,,,,,,,Q4
a8a1af1e-8833-4d6f-9b8e-c4b49723373f,"431982: How did the Law of Multiple Proportions lead to the conclusion that matter is made of atoms?Ã‚Â 
This question can be reasonably answered in around 75 words or fewer.","The Law of Multiple Proportions (LMP) states that when 2 or more elements combine to form different compounds (each compound being composed of the same elements) and the mass of one element is fixed, the masses of the other element relate to other in simple integer ratios. The data indicate that masses of elements react with each other in very discrete ways based on mass, not randomly. Because we observe integer ratios, this indicates that we are counting these discrete units of mass. We call these discrete units of mass atoms.Â ",8.0,,,,,,,,,,,Q4
8a50e4a2-9088-4e2c-9211-db6e8c280f2c,"431982: How did the Law of Multiple Proportions lead to the conclusion that matter is made of atoms?Ã‚Â 
This question can be reasonably answered in around 75 words or fewer.","The Law of Multiple Proportions states that when two elements combine to form more than one compound, if we fix the mass of one of the elements in both compounds, then the other element must be in a simple whole number ratio across the compounds. Because they are in simple whole number ratios, this means that they are combining in fixed integer ratios of some unit, so we are counting some indivisible unit of mass of each of the elements, which would be the atom, because that is the smallest indivisible unit of each element. This also fits well with the Atomic Molecular theory, which states that atoms combine in simple integer ratios to make up compounds.Â ",7.0,,,,,,,,,,,Q4
16d1bf4b-97b5-441d-9220-90ceba4bec46,"431982: How did the Law of Multiple Proportions lead to the conclusion that matter is made of atoms?Ã‚Â 
This question can be reasonably answered in around 75 words or fewer.","The law of multiple proportions states that, when given two different compounds of the same constituent elements, if you fix the mass of one of the elements across both compounds, the masses of the second element are in a simple integer ratio. Simple integers suggest that we are counting something, and these simple integers pertaining to mass data suggest specifically that we are counting mass. In order to count mass, it must exist in discrete, indivisible particles known as atoms.",7.0,,,,,,,,,,,Q4
9f948a88-d62c-4ab2-834c-9f6fda0893be,"431982: How did the Law of Multiple Proportions lead to the conclusion that matter is made of atoms?Ã‚Â 
This question can be reasonably answered in around 75 words or fewer.","The law of multiple proportions states that different compounds with the same constituent elements, if we fix the mass of one we should see that the the other element exists in a simple integer ratio. Small integer numbers are very rare in data, and since we are holding all else constant, the presence if this small integer numbers suggest we are counting the smallest individual units of mass data which allowed Dalton to conclude the presence if atoms.",5.0,,,,,,,,,,,Q4
04063add-b4ce-4af4-8af2-5a8f44745b79,"431982: How did the Law of Multiple Proportions lead to the conclusion that matter is made of atoms?Ã‚Â 
This question can be reasonably answered in around 75 words or fewer.","The law of multiple proportions states that when comparing two different compounds composed of the same elements, when the mass of one compound is normalized, the masses of the elements that combine form integer ratios with each other. These integer ratios result in a conclusion that there must be some building block to base these integers on, otherwise they would not combine in simple integer ratios. This building block is the atom.",7.0,,,,,,,,,,,Q4
73d90254-608a-40f2-a39c-91d7b9324eac,"431982: How did the Law of Multiple Proportions lead to the conclusion that matter is made of atoms?Ã‚Â 
This question can be reasonably answered in around 75 words or fewer.","Law of multiple proportions: for different compounds made of the same element, masses of one element that combined with the second element of fixed masses are in integer ratio. Take the example of carbon and hydrogen(C2H2 and CH4). With fixed mass of hydrogen, the masses of carbon in the two compounds are in integer ratio. This indicates that these two compounds are quantized. Thus they are formed by small particles(atom).",6.0,,,,,,,,,,,Q4
69f6c85e-d612-4666-b448-538388094815,"431982: How did the Law of Multiple Proportions lead to the conclusion that matter is made of atoms?Ã‚Â 
This question can be reasonably answered in around 75 words or fewer.","The Law of Multiple Proportions states that when 2 or more elements make up different compounds when we fix the mass of one element in all the compounds, we will find a simple integer mass ratio of the other element between the compounds. The integer mass ratio suggests we're counting some sort of unit of mass, which we call an atom.Â ",6.666666666666667,,,,,,,,,,,Q4
5ee49306-811a-49e5-a33e-44149684534a,"431982: How did the Law of Multiple Proportions lead to the conclusion that matter is made of atoms?Ã‚Â 
This question can be reasonably answered in around 75 words or fewer.","The Law of Multiple Proportions states that elements can combine in different ratios to form different compounds. However, looking at the data above. We see that X:Y ratio in compound 1 is 4:1 and 1.5:1 in compound 2 which is also a 3:2 ratio when multiplying the ratio by 2. The integers in the ratios indicate that the elements are combining in units, leading to the conclusion that matter is made up of atoms, which are these units of mass.Â ",5.0,,,,,,,,,,,Q4
4f12fd99-7cc9-4950-9037-241675757594,"431982: How did the Law of Multiple Proportions lead to the conclusion that matter is made of atoms?Ã‚Â 
This question can be reasonably answered in around 75 words or fewer.","The law of multiple proportions states that when 2 or more elements combine to form more than one compound, the masses of 1 element that combine with a fixed mass of the other element are in simple integer ratios between the two different compounds. Knowing that the elements that make up compounds (when the other element that makes up the compound) can only exist in whole number ratios to each other, we can conclude that these integers must be counting discrete units of mass. We can conclude from here that those units of mass must be atoms/particles.",7.0,,,,,,,,,,,Q4
733cbe17-65b0-4f26-b392-4dad8535be5b,"431982: How did the Law of Multiple Proportions lead to the conclusion that matter is made of atoms?Ã‚Â 
This question can be reasonably answered in around 75 words or fewer.","The Law of Multiple Proportions states that if we fix one mass in two different compounds with the same elements, the other mass in both compounds will be in simple, integer ratios by mass.Â The presence of simple integer ratios by mass suggests we're counting discrete units of mass, or particles, that we have come to refer to as atoms.Â ",7.666666666666667,,,,,,,,,,,Q4
74ff67e4-6feb-4b34-b02e-c11ccadfa7f0,"431982: How did the Law of Multiple Proportions lead to the conclusion that matter is made of atoms?Ã‚Â 
This question can be reasonably answered in around 75 words or fewer.","The law of multiple proportions looks at two or more compounds composed of the same elements. When the mass of element A is fixed with the mass of element B the resulting fixed masses will be related to each other in simple, whole-number ratios across compounds. This shows that elements combine in fixed proportions regardless of the compound, meaning elements must be made of units with fixed mass, aka atoms.Â ",7.0,,,,,,,,,,,Q4
